Id,Sequence,Length,,,,,,,,,,,,,,,
AVP0001,PYVGSGLYRR,10,,,,,,,,,,,,,,,
AVP0002,SMIENLEYM,9,,,,,,,,,,,,,,,
AVP0003,ECRSTSYAGAVVNDL,15,,,,,,,,,,,,,,,
AVP0004,STSYAGAVVNDL,12,,,,,,,,,,,,,,,
AVP0005,YAGAVVNDL,9,,,,,,,,,,,,,,,
AVP0006,AGAVVNDL,8,,,,,,,,,,,,,,,
AVP0007,GAVVNDL,7,,,,,,,,,,,,,,,
AVP0008,AVVNDL,6,,,,,,,,,,,,,,,
AVP0009,VVNDL,5,,,,,,,,,,,,,,,
AVP0010,YAVVNDL,7,,,,,,,,,,,,,,,
AVP0011,YGAVVNDL,8,,,,,,,,,,,,,,,
AVP0012,AAGAVVNDL,9,,,,,,,,,,,,,,,
AVP0013,YAGAVANDL,9,,,,,,,,,,,,,,,
AVP0014,ALLGRMKG,8,,,,,,,,,,,,,,,
AVP0015,LDPAFR,6,,,,,,,,,,,,,,,
AVP0016,GQPEEGAPCQVVLQGA,16,,,,,,,,,,,,,,,
AVP0017,RGILIHNTIFGEQVF,15,,,,,,,,,,,,,,,
AVP0018,YRWRGPTAAFLSLV,14,,,,,,,,,,,,,,,
AVP0019,SSSTSTQVQILSNAL,15,,,,,,,,,,,,,,,
AVP0020,RRLQVGGGTLKFFLT,15,,,,,,,,,,,,,,,
AVP0021,FLDSKAELEKARKILSEVGRWY,22,,,,,,,,,,,,,,,
AVP0022,PPLVVPVEESEIIFWDCWAPEE,22,,,,,,,,,,,,,,,
AVP0023,IFWDCWAPEEPACQDFLGAMIH,22,,,,,,,,,,,,,,,
AVP0024,PACQDFLGAMIHLKAKTNISIR,22,,,,,,,,,,,,,,,
AVP0025,LKAKTNISIREGPTLGNWAR,20,,,,,,,,,,,,,,,
AVP0026,EGPTLGNWAREIWATLFKKA,20,,,,,,,,,,,,,,,
AVP0027,EIWATLFKKATRQCRRGRIW,20,,,,,,,,,,,,,,,
AVP0028,TRQCRRGRIWKRWNETITGP,20,,,,,,,,,,,,,,,
AVP0029,KRWNETITGPSGCANNTCYN,20,,,,,,,,,,,,,,,
AVP0030,SGCANNTCYNVSVIVPDYQC,20,,,,,,,,,,,,,,,
AVP0031,VSVIVPDYQCYLDRVDTWLQ,20,,,,,,,,,,,,,,,
AVP0032,YLDRVDTWLQGKINISLCLT,20,,,,,,,,,,,,,,,
AVP0033,GKINISLCLTGGKMLYNKVT,20,,,,,,,,,,,,,,,
AVP0034,GGKMLYNKVTKQLSYCTDPL,20,,,,,,,,,,,,,,,
AVP0035,KQLSYCTDPLQIPLINYTFG,20,,,,,,,,,,,,,,,
AVP0036,QIPLINYTFGPNQTCMWNTS,20,,,,,,,,,,,,,,,
AVP0037,PNQTCMWNTSQIQDPEIPKC,20,,,,,,,,,,,,,,,
AVP0038,QIQDPEIPKCGWWNQMAYYN,20,,,,,,,,,,,,,,,
AVP0039,GWWNQMAYYNSCKWEEAKVK,20,,,,,,,,,,,,,,,
AVP0040,CKWEEAKVKFHCQRTQSQPGSW,22,,,,,,,,,,,,,,,
AVP0041,FHCQRTQSQPGSWFRAISSWKQ,22,,,,,,,,,,,,,,,
AVP0042,GSWFRAISSWKQRNRWEWRPDF,22,,,,,,,,,,,,,,,
AVP0043,KQRNRWEWRPDFKSKKVKISLPC,23,,,,,,,,,,,,,,,
AVP0044,KSKKVKISLPCNSTKNLTFA,20,,,,,,,,,,,,,,,
AVP0045,CNSTKNLTFAMRSSGDYGEV,20,,,,,,,,,,,,,,,
AVP0046,MRSSGDYGEVTGAWIEFGCH,20,,,,,,,,,,,,,,,
AVP0047,TGAWIEFGCHRNKSNLHTEA,20,,,,,,,,,,,,,,,
AVP0048,RNKSNLHTEARFRIRCRWNV,20,,,,,,,,,,,,,,,
AVP0049,RFRIRCRWNVGSDTSLIDTC,20,,,,,,,,,,,,,,,
AVP0050,GSDTSLIDTCGNTPNVSGAN,20,,,,,,,,,,,,,,,
AVP0051,GNTPNVSGANPVDCTMYSNK,20,,,,,,,,,,,,,,,
AVP0052,PVDCTMYSNKMYNCSLQNGF,20,,,,,,,,,,,,,,,
AVP0053,MYNCSLQNGFTMKVDDLIVH,20,,,,,,,,,,,,,,,
AVP0054,TMKVDDLIVHFNMTKAVEMV,20,,,,,,,,,,,,,,,
AVP0055,FNMTKAVEMVNIAGNWSCTS,20,,,,,,,,,,,,,,,
AVP0056,NIAGNWSCTSDLPSSWGYMN,20,,,,,,,,,,,,,,,
AVP0057,CTSDLPSSWGYMNCNCTNSSSS,22,,,,,,,,,,,,,,,
AVP0058,CNCTNSSSSYSGTKMACPSNRG,22,,,,,,,,,,,,,,,
AVP0059,SGTKMACPSNRGILRNWYNP,20,,,,,,,,,,,,,,,
AVP0060,RGILRNWYNPFAGLRQSLEQ,20,,,,,,,,,,,,,,,
AVP0061,VAGLRQSLEQYQVVKQPDYL,20,,,,,,,,,,,,,,,
AVP0062,YQVVKQPDYLLVPEEVMEYK,20,,,,,,,,,,,,,,,
AVP0063,PDYLLVPEEVMEYKPRRKRAAI,22,,,,,,,,,,,,,,,
AVP0064,YKPRRKRAAIHVMLALATVLSI,22,,,,,,,,,,,,,,,
AVP0065,HVMLALATVLSIAGAGTGATAI,22,,,,,,,,,,,,,,,
AVP0066,AGAGTGATAIGMVTQYHQVL,20,,,,,,,,,,,,,,,
AVP0067,GMVTQYHQVLATHQEAIEKV,20,,,,,,,,,,,,,,,
AVP0068,ATHQEAIEKVTGALKINNLR,20,,,,,,,,,,,,,,,
AVP0069,TGALKINNLRLVTLEHQVLV,20,,,,,,,,,,,,,,,
AVP0070,LVTLEHQVLVIGLKVEAMEK,20,,,,,,,,,,,,,,,
AVP0071,IGLKVEAMEKFLYTAFAMQE,20,,,,,,,,,,,,,,,
AVP0072,FLYTAFAMQELGCNQNQFFC,20,,,,,,,,,,,,,,,
AVP0073,LGCNQNQFFCKIPLELWTRY,20,,,,,,,,,,,,,,,
AVP0074,KIPLELWTRYNMTINQTIWN,20,,,,,,,,,,,,,,,
AVP0075,NMTINQTIWNHGNITLGEWY,20,,,,,,,,,,,,,,,
AVP0076,HGNITLGEWYNQTKDLQQKF,20,,,,,,,,,,,,,,,
AVP0077,NQTKDLQQKFYEIIMDIEQN,20,,,,,,,,,,,,,,,
AVP0078,YEIIMDIEQNNVQGKTGIQQ,20,,,,,,,,,,,,,,,
AVP0079,NVQGKTGIQQLQKWEDWVRW,20,,,,,,,,,,,,,,,
AVP0080,LQKWEDWVRWIGNIPQYLKG,20,,,,,,,,,,,,,,,
AVP0081,IGNIPQYLKGLLGGILGIGL,20,,,,,,,,,,,,,,,
AVP0082,LLGGILGIGLGVLLLILCLP,20,,,,,,,,,,,,,,,
AVP0083,GVLLLILCLPTLVDCIRNCI,20,,,,,,,,,,,,,,,
AVP0084,TLVDCIRNCIHKILGYTVIA,20,,,,,,,,,,,,,,,
AVP0085,HKILGYTVIAMPEVEGEEIQ,20,,,,,,,,,,,,,,,
AVP0086,MPEVEGEEIQPQMELRRNGR,20,,,,,,,,,,,,,,,
AVP0087,PQMELRRNGRQCGMSEKEEE,20,,,,,,,,,,,,,,,
AVP0088,PDAVYLHRIDLGPPISLERLDVGTNLGNAIAKLED,35,,,,,,,,,,,,,,,
AVP0089,DAVYLHRIDLGPPISLERLDVGTNLQNAIAKLEDA,35,,,,,,,,,,,,,,,
AVP0090,AVYLHRIDLGPPISLERLDVGTNLQNAIAKLEDAK,35,,,,,,,,,,,,,,,
AVP0091,VYLHRIDLGPPISLERLDVGTNLQNAIAKLEDAKE,35,,,,,,,,,,,,,,,
AVP0092,YLHRIDLGPPISLERLDVGTNLGNAIAKLEDAKEL,35,,,,,,,,,,,,,,,
AVP0093,LHRIDLGPPISLERLDVGTNLGNAIAKLEDAKELL,35,,,,,,,,,,,,,,,
AVP0094,HRIDLGPPISLERLDVGTNLGNAIAKLEDAKELLE,35,,,,,,,,,,,,,,,
AVP0095,RIDLGPPISLERLDVGTNLGNAIAKLEDAKELLES,35,,,,,,,,,,,,,,,
AVP0096,IDLGPPISLERLDVGTNLGNAIAKLEDAKELLESS,35,,,,,,,,,,,,,,,
AVP0097,DLGPPISLERLDVGTNLGNAIAKLEDAKELLESSD,35,,,,,,,,,,,,,,,
AVP0098,LGPPISLERLDVGTNLGNAIAKLEDAKELLESSDQ,35,,,,,,,,,,,,,,,
AVP0099,GPPISLERLDVGTNLGNAIAKLEDAKELLESSDQI,35,,,,,,,,,,,,,,,
AVP0100,PPISLERLDVGTNLGNAIAKLEDAKELLESSDQIL,35,,,,,,,,,,,,,,,
AVP0101,PISLERLDVGTNLGNAIAKLEDAKELLESSDQILR,35,,,,,,,,,,,,,,,
AVP0102,ISLERLDVGTNLGNAIAKLEDAKELLESSDQILRS,35,,,,,,,,,,,,,,,
AVP0103,SLERLDVGTNLGNAIAKLEDAKELLESSDQILRSM,35,,,,,,,,,,,,,,,
AVP0104,LERLDVGTNLGNAIAKLEDAKELLESSDQILRSMK,35,,,,,,,,,,,,,,,
AVP0105,YTPNDITLNNSVALDPIDISIELNKAKSDLEESKE,35,,,,,,,,,,,,,,,
AVP0106,TPNDITLNNSVALDPIDISIELNKAKSDLEESKEW,35,,,,,,,,,,,,,,,
AVP0107,PNDITLNNSVALDPIDISIELNKAKSDLEESKEWI,35,,,,,,,,,,,,,,,
AVP0108,NDITLNNSVALDPIDISIELNKAKSDLEESKEWIR,35,,,,,,,,,,,,,,,
AVP0109,DITLNNSVALDPIDISIELNKAKSDLEESKEWIRR,35,,,,,,,,,,,,,,,
AVP0110,ITLNNSVALDPIDISIELNKAKSDLEESKEWIRRS,35,,,,,,,,,,,,,,,
AVP0111,TLNNSVALDPIDISIELNKAKSDLEESKEWIRRSN,35,,,,,,,,,,,,,,,
AVP0112,LNNSVALDPIDISIELNKAKSDLEESKEWIRRSNQ,35,,,,,,,,,,,,,,,
AVP0113,NNSVALDPIDISIELNKAKSDLEESKEWIRRSNQK,35,,,,,,,,,,,,,,,
AVP0114,NSVALDPIDISIELNKAKSDLEESKEWIRRSNQKL,35,,,,,,,,,,,,,,,
AVP0115,SVALDPIDISIELNKAKSDLEESKEWIRRSNQKLD,35,,,,,,,,,,,,,,,
AVP0116,VALDPIDISIELNKAKSDLEESKEWIRRSNQKLDS,35,,,,,,,,,,,,,,,
AVP0117,ALDPIDISIELNKAKSDLEESKEWIRRSNQKLDSI,35,,,,,,,,,,,,,,,
AVP0118,LDPIDISIELNKAKSDLEESKEWIRRSNQKLDSIG,35,,,,,,,,,,,,,,,
AVP0119,DPIDISIELNKAKSDLEESKEWIRRSNQKLDSIGN,35,,,,,,,,,,,,,,,
AVP0120,PIDISIELNKAKSDLEESKEWIRRSNQKLDSIGNW,35,,,,,,,,,,,,,,,
AVP0121,IDISIELNKAKSDLEESKEWIRRSNQKLDSIGNWH,35,,,,,,,,,,,,,,,
AVP0122,DISIELNKAKSDLEESKEWIRRSNQKLDSIGNWHQ,35,,,,,,,,,,,,,,,
AVP0123,ISIELNKAKSDLEESKEWIRRSNQKLDSIGNWHQS,35,,,,,,,,,,,,,,,
AVP0124,SIELNKAKSDLEESKEWIRRSNQKLDSIGNWHQSS,35,,,,,,,,,,,,,,,
AVP0125,IELNKAKSDLEESKEWIRRSNQKLDSIGNWHQSST,35,,,,,,,,,,,,,,,
AVP0126,ELNKAKSDLEESKEWIRRSNQKLDSIGNWHQSSTT,35,,,,,,,,,,,,,,,
AVP0127,IINFYDPLVFPSDEFDASISQVNEKINQSLAFIRK,35,,,,,,,,,,,,,,,
AVP0128,INFYDPLVFPSDEFDASISQVNEKINQSLAFIRKS,35,,,,,,,,,,,,,,,
AVP0129,NFYDPLVFPSDEFDASISQVNEKINQSLAFIRKSD,35,,,,,,,,,,,,,,,
AVP0130,FYDPLVFPSDEFDASISQVNEKINQSLAFIRKSDE,35,,,,,,,,,,,,,,,
AVP0131,YDPLVFPSDEFDASISQVNEKINQSLAFIRKSDEL,35,,,,,,,,,,,,,,,
AVP0132,DPLVFPSDEFDASISQVNEKINQSLAFIRKSDELL,35,,,,,,,,,,,,,,,
AVP0133,PLVFPSDEFDASISQVNEKINQSLAFIRKSDELLH,35,,,,,,,,,,,,,,,
AVP0134,LVFPSDEFDASISQVNEKINQSLAFIRKSDELLHN,35,,,,,,,,,,,,,,,
AVP0135,VFPSDEFDASISQVNEKINQSLAFIRKSDELLHNV,35,,,,,,,,,,,,,,,
AVP0136,FPSDEFDASISQVNEKINQSLAFIRKSDELLHNVN,35,,,,,,,,,,,,,,,
AVP0137,PSDEFDASISQVNEKINQSLAFIRKSDELLHNVNA,35,,,,,,,,,,,,,,,
AVP0138,SDEFDASISQVNEKINQSLAFIRKSDELLHNVNAG,35,,,,,,,,,,,,,,,
AVP0139,DEFDASISQVNEKINQSLAFIRKSDELLHNVNAGK,35,,,,,,,,,,,,,,,
AVP0140,EFDASISQVNEKINQSLAFIRKSDELLHNVNAGKS,35,,,,,,,,,,,,,,,
AVP0141,FDASISQVNEKINQSLAFIRKSDELLHNVNAGKST,35,,,,,,,,,,,,,,,
AVP0142,DASISQVNEKINQSLAFIRKSDELLHNVNAGKSTT,35,,,,,,,,,,,,,,,
AVP0143,FDASISQVNEKINQSLAFIRKSDELLHNVNAGKST,35,,,,,,,,,,,,,,,
AVP0144,IDISIELNKAKSDLEESKEWIRRSNQKLDSIGNWH,35,,,,,,,,,,,,,,,
AVP0145,LHRIDLGPPISLERLDVGTNLGNAIAKLEDAKELL,35,,,,,,,,,,,,,,,
AVP0146,DLSNQINSINKSLKSAEDWIADSNFFANQARTAK,34,,,,,,,,,,,,,,,
AVP0147,ELNKAKSDLEESKEWIRRSNQKLDSIGNWHQSSTT,35,,,,,,,,,,,,,,,
AVP0148,CATCEQIADSQHRSHRQMV,19,,,,,,,,,,,,,,,
AVP0149,CATCQIADSHRSHRQMV,17,,,,,,,,,,,,,,,
AVP0150,CATCIADHRSHRQMV,15,,,,,,,,,,,,,,,
AVP0151,CATCEQIADSQHRSHRQM,18,,,,,,,,,,,,,,,
AVP0152,CATCEQIADSQHRSHRQ,17,,,,,,,,,,,,,,,
AVP0153,CATCEQIADSQHRSHR,16,,,,,,,,,,,,,,,
AVP0154,CATCEQIADSQHRSH,15,,,,,,,,,,,,,,,
AVP0155,CATCQIADSHRSH,13,,,,,,,,,,,,,,,
AVP0156,CATCIADHRSH,11,,,,,,,,,,,,,,,
AVP0157,CACIADHSH,9,,,,,,,,,,,,,,,
AVP0158,CTCIADHRH,9,,,,,,,,,,,,,,,
AVP0159,ISLERLDVGTNLGNAIAKLEDAKELLESSDQILRSM,36,,,,,,,,,,,,,,,
AVP0160,VETTVTTAQETKRGRIQTKK,20,,,,,,,,,,,,,,,
AVP0161,RPETVETTVTTAQETKRGRI,20,,,,,,,,,,,,,,,
AVP0162,VTTAQETKRGRIQTKKEVSI,20,,,,,,,,,,,,,,,
AVP0163,TAALRLGIKLTQHYFGLLTAFGSNFGTIG,29,,,,,,,,,,,,,,,
AVP0164,TAALELDIKLTQHYFGLLTAFGSNFGTIG,29,,,,,,,,,,,,,,,
AVP0165,LGRTLAAIKLTQHYFGLLTAFGSNFGTIG,29,,,,,,,,,,,,,,,
AVP0166,ALLTRILG,8,,,,,,,,,,,,,,,
AVP0167,GSLLGRMKGA,10,,,,,,,,,,,,,,,
AVP0168,SLLGRMKGA,9,,,,,,,,,,,,,,,
AVP0169,SLLGRMKG,8,,,,,,,,,,,,,,,
AVP0170,SISCSRGLVCLLPRLTNESGNDRFDS,26,,,,,,,,,,,,,,,
AVP0171,GSCDGFRVCYMH,12,,,,,,,,,,,,,,,
AVP0172,CRFPNITNSHVPILQERPPLENRVLTGWGL,30,,,,,,,,,,,,,,,
AVP0173,KGSVVIVGRIILSGRK,16,,,,,,,,,,,,,,,
AVP0174,VRLGSISVIGIVRGKK,16,,,,,,,,,,,,,,,
AVP0175,RGGSVVIVGRIILSGRK,17,,,,,,,,,,,,,,,
AVP0176,LWVGGGRNA,9,,,,,,,,,,,,,,,
AVP0177,RRKKAAVALLPAVLLALLAP,20,,,,,,,,,,,,,,,
AVP0178,DHILEPSIPWKSKLLTLVQL,20,,,,,,,,,,,,,,,
AVP0179,CTLTTKLYC,9,,,,,,,,,,,,,,,
AVP0180,RRKKAAVALLPAVLLALLAP,20,,,,,,,,,,,,,,,
AVP0181,RRKKLAALPLVLAAPLAVLA,20,,,,,,,,,,,,,,,
AVP0182,FKLRAKIKVRLRAKIKL,17,,,,,,,,,,,,,,,
AVP0183,FAVAVKAVAVKAVAVKAVKKAVKKVKKAVKKAVKKKK,37,,,,,,,,,,,,,,,
AVP0184,FLAAARIAKRVAKKARKLAKRAARKRK,27,,,,,,,,,,,,,,,
AVP0185,FRFKIKFRLKFRFKARFKFRAKFRA,25,,,,,,,,,,,,,,,
AVP0186,FAVGLRAIKRALKKLRRGVRKVAKDL,26,,,,,,,,,,,,,,,
AVP0187,KRKRAVKRVGRRLKKLARKIARLGVAKLAGLRAVKLF,37,,,,,,,,,,,,,,,
AVP0188,GAKKGAKKGKKGAKKGAKGAGAKGAGAFKKKK,32,,,,,,,,,,,,,,,
AVP0189,FAKKFAKKFKKFAKKFAKFAFAF,23,,,,,,,,,,,,,,,
AVP0190,KKKKFVKKVAKKVKKVAKKVAKVAVAV,27,,,,,,,,,,,,,,,
AVP0191,FLFAFRIFKRVFKKFRKLFKRAF,23,,,,,,,,,,,,,,,
AVP0192,KRKRAVKRVGRRLKKKLARKIARLGVAF,28,,,,,,,,,,,,,,,
AVP0193,KRKRFAKKFLRFLRKVIRFLKRFIRRF,27,,,,,,,,,,,,,,,
AVP0194,FALALKALKKALKKLKKALKKAL,23,,,,,,,,,,,,,,,
AVP0195,FAIAIKAIKKAIKKIKKAIKKAI,23,,,,,,,,,,,,,,,
AVP0196,FKVKAKVKAKVKAKVKAKKKK,21,,,,,,,,,,,,,,,
AVP0197,AVKRVGRRLKKLARKIARLGVAF,23,,,,,,,,,,,,,,,
AVP0198,LLGRMKG,7,,,,,,,,,,,,,,,
AVP0199,LDPAFR,6,,,,,,,,,,,,,,,
AVP0200,PLSPPLRNTHPQAMQWNSTTF,21,,,,,,,,,,,,,,,
AVP0201,PTSNHSPTSCPPTCPGYRWMCLRRF,25,,,,,,,,,,,,,,,
AVP0202,LPRRLHLEPAFLPYSVKAHECC,22,,,,,,,,,,,,,,,
AVP0203,PGGETARKDKFLHMVLPRRL,20,,,,,,,,,,,,,,,
AVP0204,EQVLKAVTNVLSPVFPGGET,20,,,,,,,,,,,,,,,
AVP0205,YVREHGVPIHADKYFEQVLK,20,,,,,,,,,,,,,,,
AVP0206,PPSAVCNYEVAEDPSYVREH,20,,,,,,,,,,,,,,,
AVP0207,RRLHLEPAFLPYSVKAHECC,20,,,,,,,,,,,,,,,
AVP0208,LPRRLHLEPAFLPYSVKAHEC,21,,,,,,,,,,,,,,,
AVP0209,LPRRLHLEPAFLPYSVKAHE,20,,,,,,,,,,,,,,,
AVP0210,QLESLTDRELLLLIARKTCGSVE,23,,,,,,,,,,,,,,,
AVP0211,HLVAVIGSYR,10,,,,,,,,,,,,,,,
AVP0212,PSLFSWGFGS,10,,,,,,,,,,,,,,,
AVP0213,DWVAVKQSYF,10,,,,,,,,,,,,,,,
AVP0214,ACFPWGNTWCGGK,13,,,,,,,,,,,,,,,
AVP0215,ACFPWGNTWCGGK,13,,,,,,,,,,,,,,,
AVP0216,ACFPWGKEYCGGK,13,,,,,,,,,,,,,,,
AVP0217,ACFPWGKEYCGGK,13,,,,,,,,,,,,,,,
AVP0218,ACFPWGNQWCGGK,13,,,,,,,,,,,,,,,
AVP0219,ACFPWGNQWCGGK,13,,,,,,,,,,,,,,,
AVP0220,CFPWGC,6,,,,,,,,,,,,,,,
AVP0221,CFPWGC,6,,,,,,,,,,,,,,,
AVP0222,DDSVVCAAMSYSYA,14,,,,,,,,,,,,,,,
AVP0223,ADLEVVAATYVLVA,14,,,,,,,,,,,,,,,
AVP0224,KKKKVVAGTYVLV,13,,,,,,,,,,,,,,,
AVP0225,KKKKVVAAGYVLV,13,,,,,,,,,,,,,,,
AVP0226,KKKKVVAATGVLV,13,,,,,,,,,,,,,,,
AVP0227,KKKKVVAATYGLV,13,,,,,,,,,,,,,,,
AVP0228,KKKKVVAATYVGV,13,,,,,,,,,,,,,,,
AVP0229,KKKKVVAATYVLG,13,,,,,,,,,,,,,,,
AVP0230,KKKKVVAATYVLV,13,,,,,,,,,,,,,,,
AVP0231,KKKKPVAATYVLV,13,,,,,,,,,,,,,,,
AVP0232,KKKKVPAATYVLV,13,,,,,,,,,,,,,,,
AVP0233,KKKKVVAAPYVLV,13,,,,,,,,,,,,,,,
AVP0234,ADLEVVAATFVLVA,14,,,,,,,,,,,,,,,
AVP0235,KKKKVVAPTYVLV,13,,,,,,,,,,,,,,,
AVP0236,KKKKVVAATPVLV,13,,,,,,,,,,,,,,,
AVP0237,KKKKVVAATYPLV,13,,,,,,,,,,,,,,,
AVP0238,KKKKVVAATYVPV,13,,,,,,,,,,,,,,,
AVP0239,KKKKVVAATYVLP,13,,,,,,,,,,,,,,,
AVP0240,KKKKLLLPFLFFV,13,,,,,,,,,,,,,,,
AVP0241,KKKKVVLATLVLV,13,,,,,,,,,,,,,,,
AVP0242,KKKKLLLPFLFLV,13,,,,,,,,,,,,,,,
AVP0243,KKKKVLLPFLFFV,13,,,,,,,,,,,,,,,
AVP0244,KKKKLVLPFLFFV,13,,,,,,,,,,,,,,,
AVP0245,ADLEVVAATHVLVA,14,,,,,,,,,,,,,,,
AVP0246,KKKKLLAPFLFFV,13,,,,,,,,,,,,,,,
AVP0247,KKKKLLLAFLFFV,13,,,,,,,,,,,,,,,
AVP0248,KKKKLLLPTLFFV,13,,,,,,,,,,,,,,,
AVP0249,KKKKLLLPFYFFV,13,,,,,,,,,,,,,,,
AVP0250,KKKKLLLPFLVFV,13,,,,,,,,,,,,,,,
AVP0251,KKKKLLAATYVLV,13,,,,,,,,,,,,,,,
AVP0252,KKKKLVLATYVLV,13,,,,,,,,,,,,,,,
AVP0253,KKKKLVAPTYVLV,13,,,,,,,,,,,,,,,
AVP0254,KKKKLVAAFYVLV,13,,,,,,,,,,,,,,,
AVP0255,KKKKLVAATYVFV,13,,,,,,,,,,,,,,,
AVP0256,ADLEVVAATYV,11,,,,,,,,,,,,,,,
AVP0257,KKKKLVAATYVLF,13,,,,,,,,,,,,,,,
AVP0258,KKKKVLLATYVLV,13,,,,,,,,,,,,,,,
AVP0259,KKKKVLAPTYVLV,13,,,,,,,,,,,,,,,
AVP0260,KKKKVLAAFYVLV,13,,,,,,,,,,,,,,,
AVP0261,KKKKVLAATLVLV,13,,,,,,,,,,,,,,,
AVP0262,KKKKVLAATYFLV,13,,,,,,,,,,,,,,,
AVP0263,KKKKVLAATYVFV,13,,,,,,,,,,,,,,,
AVP0264,KKKKVVLPTYVLV,13,,,,,,,,,,,,,,,
AVP0265,KKKKVVLAFYVLV,13,,,,,,,,,,,,,,,
AVP0266,KKKKVVLATYVLF,13,,,,,,,,,,,,,,,
AVP0267,DLEVVAATYV,10,,,,,,,,,,,,,,,
AVP0268,KKKKVVAPFYVLV,13,,,,,,,,,,,,,,,
AVP0269,KKKKVVAPTLVLV,13,,,,,,,,,,,,,,,
AVP0270,KKKKVVAPTYFLV,13,,,,,,,,,,,,,,,
AVP0271,KKKKVVAPTYVFV,13,,,,,,,,,,,,,,,
AVP0272,KKKKVVAPTYVLF,13,,,,,,,,,,,,,,,
AVP0273,KKKKVVAAFLVLV,13,,,,,,,,,,,,,,,
AVP0274,KKKKVVAAFYFLV,13,,,,,,,,,,,,,,,
AVP0275,KKKKVVAAFYVFV,13,,,,,,,,,,,,,,,
AVP0276,KKKKVVAAFYVLF,13,,,,,,,,,,,,,,,
AVP0277,KKKKVVAATLFLV,13,,,,,,,,,,,,,,,
AVP0278,KKKKVVAATYVLVA,14,,,,,,,,,,,,,,,
AVP0279,KKKKVVAATLVFV,13,,,,,,,,,,,,,,,
AVP0280,KKKKVVAATLVLF,13,,,,,,,,,,,,,,,
AVP0281,KKKKVVAATYFFV,13,,,,,,,,,,,,,,,
AVP0282,KKKKVVAATYVFF,13,,,,,,,,,,,,,,,
AVP0283,KKKKVLLPFLFFF,13,,,,,,,,,,,,,,,
AVP0284,KKKKLVLPFLFFF,13,,,,,,,,,,,,,,,
AVP0285,KKKKLLAPFLFFF,13,,,,,,,,,,,,,,,
AVP0286,KKKKLLLAFLFFF,13,,,,,,,,,,,,,,,
AVP0287,KKKKLLLPTLFFF,13,,,,,,,,,,,,,,,
AVP0288,KKKKLLLPFYFFF,13,,,,,,,,,,,,,,,
AVP0289,DDDEVVAATYVA,12,,,,,,,,,,,,,,,
AVP0290,KKKKLLLPFLVFF,13,,,,,,,,,,,,,,,
AVP0291,KKKKLLLPFLFLF,13,,,,,,,,,,,,,,,
AVP0292,KKKKLLLPFLFFF,13,,,,,,,,,,,,,,,
AVP0293,KKKKVVLPFLFFF,13,,,,,,,,,,,,,,,
AVP0294,KKKKLVAPFLFFF,13,,,,,,,,,,,,,,,
AVP0295,KKKKLLAAFLFFF,13,,,,,,,,,,,,,,,
AVP0296,KKKKLLLATLFFF,13,,,,,,,,,,,,,,,
AVP0297,KKKKLLLPTYFFF,13,,,,,,,,,,,,,,,
AVP0298,KKKKLLLPFYVFF,13,,,,,,,,,,,,,,,
AVP0299,KKKKLLLPFLVLF,13,,,,,,,,,,,,,,,
AVP0300,DDDEVVAATYVLVA,14,,,,,,,,,,,,,,,
AVP0301,KKKKVLAPFLFFF,13,,,,,,,,,,,,,,,
AVP0302,KKKKVLLAFLFFF,13,,,,,,,,,,,,,,,
AVP0303,KKKKVLLPFYFFF,13,,,,,,,,,,,,,,,
AVP0304,KKKKVLLPFLLFF,13,,,,,,,,,,,,,,,
AVP0305,KKKKVLLPFLFVF,13,,,,,,,,,,,,,,,
AVP0306,KKKKLVLAFLFFF,13,,,,,,,,,,,,,,,
AVP0307,KKKKLVLPTLFFF,13,,,,,,,,,,,,,,,
AVP0308,KKKKLVLPFYFFF,13,,,,,,,,,,,,,,,
AVP0309,KKKKLVLPFLLFF,13,,,,,,,,,,,,,,,
AVP0310,KKKKLVLPFLFVF,13,,,,,,,,,,,,,,,
AVP0311,ADLEVVAATYVDDD,14,,,,,,,,,,,,,,,
AVP0312,KKKKLLAPFLVFF,13,,,,,,,,,,,,,,,
AVP0313,KKKKLLLAFYFFF,13,,,,,,,,,,,,,,,
AVP0314,KKKKLLLAFLFLF,13,,,,,,,,,,,,,,,
AVP0315,KKKKLLLPTLVFF,13,,,,,,,,,,,,,,,
AVP0316,KKKKLLLPTLFLF,13,,,,,,,,,,,,,,,
AVP0317,KKKKLLLPFYFLF,13,,,,,,,,,,,,,,,
AVP0318,AESTTPCSGSYLKA,14,,,,,,,,,,,,,,,
AVP0319,EDCSTPSSGSFLDR,14,,,,,,,,,,,,,,,
AVP0320,KKKKVVTSTYVLVEA,15,,,,,,,,,,,,,,,
AVP0321,AKDLEVVTSTYVLVEA,16,,,,,,,,,,,,,,,
AVP0322,ADLEVVAATYVDDD,16,,,,,,,,,,,,,,,
AVP0323,AKDLEVVCSTYVLVEA,16,,,,,,,,,,,,,,,
AVP0324,FDEMEESSSHLPYI,14,,,,,,,,,,,,,,,
AVP0325,AKDEMEECASHLPYEA,16,,,,,,,,,,,,,,,
AVP0326,DEMEEC,8,,,,,,,,,,,,,,,
AVP0327,DEMEECASHLPYK,15,,,,,,,,,,,,,,,
AVP0328,FDEMEECSQHLPYA,14,,,,,,,,,,,,,,,
AVP0329,FDEMEECASHLPYA,14,,,,,,,,,,,,,,,
AVP0330,AECVVSCSMSYTKA,14,,,,,,,,,,,,,,,
AVP0331,SEDVVSSSMSYTFT,14,,,,,,,,,,,,,,,
AVP0332,DEVVCC,8,,,,,,,,,,,,,,,
AVP0333,DDSVVCAAMSYSFA,14,,,,,,,,,,,,,,,
AVP0334,ADLEVVAATYVDVA,14,,,,,,,,,,,,,,,
AVP0335,ADLEVVAATYVLDA,14,,,,,,,,,,,,,,,
AVP0336,ADLEVVAATYVLVD,14,,,,,,,,,,,,,,,
AVP0337,ADLEVVAATYVDDA,14,,,,,,,,,,,,,,,
AVP0338,ADLEVVAATYVLDD,14,,,,,,,,,,,,,,,
AVP0339,ADLEVVAATYVDVD,14,,,,,,,,,,,,,,,
AVP0340,KKKKVVAATYVLVA,14,,,,,,,,,,,,,,,
AVP0341,KKKKVVAATYVKKA,14,,,,,,,,,,,,,,,
AVP0342,KKKKVVAATYVLKK,14,,,,,,,,,,,,,,,
AVP0343,KKKKVVAATYVLVK,14,,,,,,,,,,,,,,,
AVP0344,DDSVVCAAMSYSHA,14,,,,,,,,,,,,,,,
AVP0345,KKKKVVAATYFFFA,14,,,,,,,,,,,,,,,
AVP0346,KKKKVVAATYFLVA,14,,,,,,,,,,,,,,,
AVP0347,KKKKVVAATYVFVA,14,,,,,,,,,,,,,,,
AVP0348,KKKKVVAATYVLVF,14,,,,,,,,,,,,,,,
AVP0349,KKKKVVAATYVLFA,14,,,,,,,,,,,,,,,
AVP0350,KKKKVVAATYKKKA,14,,,,,,,,,,,,,,,
AVP0351,KKKKVVAATYKLKA,14,,,,,,,,,,,,,,,
AVP0352,KKKKVVAATYKKVA,14,,,,,,,,,,,,,,,
AVP0353,AKLKVVAATYVLKK,14,,,,,,,,,,,,,,,
AVP0354,AKLKVVAATYVKKK,14,,,,,,,,,,,,,,,
AVP0355,DDSVVSAAMSYSYA,14,,,,,,,,,,,,,,,
AVP0356,AKLEVVAATYVKKK,14,,,,,,,,,,,,,,,
AVP0357,AKLEVVAATYKKKK,14,,,,,,,,,,,,,,,
AVP0358,KKKKVVAATYKKKK,14,,,,,,,,,,,,,,,
AVP0359,ADKEVVAATYVKKK,14,,,,,,,,,,,,,,,
AVP0360,ADLEVVAATYVKKK,14,,,,,,,,,,,,,,,
AVP0361,ADLEVVAATYKKKK,14,,,,,,,,,,,,,,,
AVP0362,ADLKVVAATYVLVA,14,,,,,,,,,,,,,,,
AVP0363,ADLEVVAATYAAAA,14,,,,,,,,,,,,,,,
AVP0364,KDLKVVAATYVKKK,14,,,,,,,,,,,,,,,
AVP0365,KKKKAVAATYVLV,13,,,,,,,,,,,,,,,
AVP0366,DDSVVSAAMSYSFA,14,,,,,,,,,,,,,,,
AVP0367,KKKKVAAATYVLV,13,,,,,,,,,,,,,,,
AVP0368,KKKKVVAAAYVLV,13,,,,,,,,,,,,,,,
AVP0369,KKKKVVAATAVLV,13,,,,,,,,,,,,,,,
AVP0370,KKKKVVAATYALV,13,,,,,,,,,,,,,,,
AVP0371,KKKKVVAATYVAV,13,,,,,,,,,,,,,,,
AVP0372,KKKKVVAATYVLA,13,,,,,,,,,,,,,,,
AVP0373,KKKKLVAATYVLV,13,,,,,,,,,,,,,,,
AVP0374,KKKKVLAATYVLV,13,,,,,,,,,,,,,,,
AVP0375,KKKKVVLATYVLV,13,,,,,,,,,,,,,,,
AVP0376,KKKKVVALTYVLV,13,,,,,,,,,,,,,,,
AVP0377,DDSVVSAAMSYSHA,14,,,,,,,,,,,,,,,
AVP0378,KKKKVVAALYVLV,13,,,,,,,,,,,,,,,
AVP0379,KKKKVVAATYLLV,13,,,,,,,,,,,,,,,
AVP0380,KKKKVVAATYVLL,13,,,,,,,,,,,,,,,
AVP0381,KKKKFVAATYVLV,13,,,,,,,,,,,,,,,
AVP0382,KKKKVFAATYVLV,13,,,,,,,,,,,,,,,
AVP0383,KKKKVVFATYVLV,13,,,,,,,,,,,,,,,
AVP0384,KKKKVVAFTYVLV,13,,,,,,,,,,,,,,,
AVP0385,KKKKVVAAFYVLV,13,,,,,,,,,,,,,,,
AVP0386,KKKKVVAATFVLV,13,,,,,,,,,,,,,,,
AVP0387,KKKKVVAATYFLV,13,,,,,,,,,,,,,,,
AVP0388,DDSVVAAMSYSYA,13,,,,,,,,,,,,,,,
AVP0389,KKKKVVAATYVFV,13,,,,,,,,,,,,,,,
AVP0390,KKKKVVAATYVLF,13,,,,,,,,,,,,,,,
AVP0391,KKKKEVAATYVLV,13,,,,,,,,,,,,,,,
AVP0392,KKKKVEAATYVLV,13,,,,,,,,,,,,,,,
AVP0393,KKKKVVEATYVLV,13,,,,,,,,,,,,,,,
AVP0394,KKKKVVAETYVLV,13,,,,,,,,,,,,,,,
AVP0395,KKKKVVAAEYVLV,13,,,,,,,,,,,,,,,
AVP0396,KKKKVVAATEVLV,13,,,,,,,,,,,,,,,
AVP0397,KKKKVVAATYELV,13,,,,,,,,,,,,,,,
AVP0398,KKKKVVAATYVEV,13,,,,,,,,,,,,,,,
AVP0399,DDSVVAAMSYSFA,13,,,,,,,,,,,,,,,
AVP0400,KKKKVVAATYVLE,13,,,,,,,,,,,,,,,
AVP0401,KKKKKVAATYVLV,13,,,,,,,,,,,,,,,
AVP0402,KKKKVKAATYVLV,13,,,,,,,,,,,,,,,
AVP0403,KKKKVVKATYVLV,13,,,,,,,,,,,,,,,
AVP0404,KKKKVVAKTYVLV,13,,,,,,,,,,,,,,,
AVP0405,KKKKVVAAKYVLV,13,,,,,,,,,,,,,,,
AVP0406,KKKKVVAATKVLV,13,,,,,,,,,,,,,,,
AVP0407,KKKKVVAATYVKV,13,,,,,,,,,,,,,,,
AVP0408,KKKKVVAATYVLK,13,,,,,,,,,,,,,,,
AVP0409,KKKKTVAATYVLV,13,,,,,,,,,,,,,,,
AVP0410,DDSVVAAMSYSHA,13,,,,,,,,,,,,,,,
AVP0411,KKKKVTAATYVLV,13,,,,,,,,,,,,,,,
AVP0412,KKKKVVTATYVLV,13,,,,,,,,,,,,,,,
AVP0413,KKKKVVATTYVLV,13,,,,,,,,,,,,,,,
AVP0414,KKKKVVAATTVLV,13,,,,,,,,,,,,,,,
AVP0415,KKKKVVAATYTLV,13,,,,,,,,,,,,,,,
AVP0416,KKKKVVAATYVTV,13,,,,,,,,,,,,,,,
AVP0417,KKKKVVAATYVLT,13,,,,,,,,,,,,,,,
AVP0418,KKKKGVAATYVLV,13,,,,,,,,,,,,,,,
AVP0419,KKKKVGAATYVLV,13,,,,,,,,,,,,,,,
AVP0420,KKKKVVGATYVLV,13,,,,,,,,,,,,,,,
AVP0421,AALEAKICHQIEYYFGDF,18,,,,,,,,,,,,,,,
AVP0422,KWKVFKKIEKMGRNIRNGIVKAGPAIAVLGEAKAL,35,,,,,,,,,,,,,,,
AVP0423,KVLTTGLPALISWIKRKRQQ,20,,,,,,,,,,,,,,,
AVP0424,GIGKFLHSAGKFGKAFVGEIMKS,23,,,,,,,,,,,,,,,
AVP0425,GIGKFLHSAKKFGKAFVGEIMNS,23,,,,,,,,,,,,,,,
AVP0426,ILPWKWPWWPWRR,13,,,,,,,,,,,,,,,
AVP0427,ILMCFSIDSPDSLEN,15,,,,,,,,,,,,,,,
AVP0428,ILMAFSIDSPDSLEN,15,,,,,,,,,,,,,,,
AVP0429,ILMCFSINSPNSLQN,15,,,,,,,,,,,,,,,
AVP0430,GSRVQIRCRFRNSTR,16,,,,,,,,,,,,,,,
AVP0431,CKFCYGSAQCPTFLFIVRLLRFVWV,25,,,,,,,,,,,,,,,
AVP0432,CTMCRYQQNCFTRRLIVGGMLLVFV,25,,,,,,,,,,,,,,,
AVP0433,CYSCPCERRCHKIARGLLILRSVLF,25,,,,,,,,,,,,,,,
AVP0434,CQRCGWETGVGVSGFLVRILRFVVL,25,,,,,,,,,,,,,,,
AVP0435,CTQCCAPSTCLNYRIFVGLLRFVVI,25,,,,,,,,,,,,,,,
AVP0436,CDSCERCWYVWLILLRVRLRLLVSL,25,,,,,,,,,,,,,,,
AVP0437,CKSCDTRCTCLRRRLRVGVGLPCMGC,26,,,,,,,,,,,,,,,
AVP0438,CRCCELKSLCPTLMRVVRLLGLVLL,25,,,,,,,,,,,,,,,
AVP0439,CLCCDKVRTCRRLLGLVMVLSVVRC,25,,,,,,,,,,,,,,,
AVP0440,CGECGGGHIVGRFCMVVRFLRLVFI,25,,,,,,,,,,,,,,,
AVP0441,CVTCKSTVLCDKMQHPCRRGPRCISC,26,,,,,,,,,,,,,,,
AVP0442,CGRCLQRACCKYCRLKCRLILFVIF,25,,,,,,,,,,,,,,,
AVP0443,PPIPIPDPPQRNRPPPRWFISLMVIRIH,28,,,,,,,,,,,,,,,
AVP0444,PPRLLDSPEVMVILHLGFRIGLVRLWIH,28,,,,,,,,,,,,,,,
AVP0445,PPARSSPPMPPNLPPLRRRIILLRFLFH,28,,,,,,,,,,,,,,,
AVP0446,PPPLPYGPNRNGEPHLRVLLRLLCIRLH,28,,,,,,,,,,,,,,,
AVP0447,PPRTTPIPHLDVSLHLLILRILRVRVH,27,,,,,,,,,,,,,,,
AVP0448,PPDVHTPPHALWRLHLSLRVCLVRMWIH,28,,,,,,,,,,,,,,,
AVP0449,PPTSPLLPTVNLRPPPIIIVFLLRVWFH,28,,,,,,,,,,,,,,,
AVP0450,PPLYGRDPTTRRMPHLLLRCCLLRLVVH,28,,,,,,,,,,,,,,,
AVP0451,PPDQTTYPSAECPPPPLVSILLIGLWLH,28,,,,,,,,,,,,,,,
AVP0452,PPRGAHRPNSTVVLHLVIRLCLLRFVVH,28,,,,,,,,,,,,,,,
AVP0453,PPDTSLLPPVGLHLVVRLFLLRLSVH,26,,,,,,,,,,,,,,,
AVP0454,PPGAPPAPFRTHTPPPRMVIVLIRVWCH,28,,,,,,,,,,,,,,,
AVP0455,PPGAPPQPDSVCELHLLCVLRLLVIRIH,28,,,,,,,,,,,,,,,
AVP0456,PPSHSFRPESLERLHLLRRVLLLMRIVH,28,,,,,,,,,,,,,,,
AVP0457,PPCYERMPRRLIRPPPLLSVLLILRLCH,28,,,,,,,,,,,,,,,
AVP0458,PPLFEDTPMVNSIPPLRVRLFLLRLVFH,28,,,,,,,,,,,,,,,
AVP0459,PPRGTETPQRCRRLHLVEMLCLVRVVFH,28,,,,,,,,,,,,,,,
AVP0460,YDHIQDHVNTMFSRLATSWCLLQNKERALWAEAA,34,,,,,,,,,,,,,,,
AVP0461,RLASWSVKQANLTTSLLGDLLDDVT,25,,,,,,,,,,,,,,,
AVP0462,LLGDLLDDVTSIRHAVLQNRAAIDF,25,,,,,,,,,,,,,,,
AVP0463,FNLSDHSESIQKKFQLMKEHVNKIG,25,,,,,,,,,,,,,,,
AVP0464,SDHSESIQKKFQLMKEHVNKIGVDS,25,,,,,,,,,,,,,,,
AVP0465,IEPHDWTKNITDKIDQIIHDFVDKT,25,,,,,,,,,,,,,,,
AVP0466,HDWTKNITDKIDQIIHDFVDKTLPD,25,,,,,,,,,,,,,,,
AVP0467,FHRKKGRGKHK,11,,,,,,,,,,,,,,,
AVP0468,CQSLPTHNC,9,,,,,,,,,,,,,,,
AVP0469,CSSQNGRIC,9,,,,,,,,,,,,,,,
AVP0470,CRTLPPILC,9,,,,,,,,,,,,,,,
AVP0471,CHLLLPRPC,9,,,,,,,,,,,,,,,
AVP0472,CQAMHNRFC,9,,,,,,,,,,,,,,,
AVP0473,CTPTVTRSC,9,,,,,,,,,,,,,,,
AVP0474,CTESTINTC,9,,,,,,,,,,,,,,,
AVP0475,CQYNPLPYC,9,,,,,,,,,,,,,,,
AVP0476,CNHTRNMAC,9,,,,,,,,,,,,,,,
AVP0477,CPSRLSSQC,9,,,,,,,,,,,,,,,
AVP0478,CTKYWARNC,9,,,,,,,,,,,,,,,
AVP0479,CHPTGLHQC,9,,,,,,,,,,,,,,,
AVP0480,CLTDRHRTC,9,,,,,,,,,,,,,,,
AVP0481,CTPSLPWLC,9,,,,,,,,,,,,,,,
AVP0482,CQGPVKPLC,9,,,,,,,,,,,,,,,
AVP0483,CDATSAQVC,9,,,,,,,,,,,,,,,
AVP0484,CKPTHYNSC,9,,,,,,,,,,,,,,,
AVP0485,CRHNNLHHC,9,,,,,,,,,,,,,,,
AVP0486,CEWTESMMC,9,,,,,,,,,,,,,,,
AVP0487,CSTNPPTQC,9,,,,,,,,,,,,,,,
AVP0488,CVNSPPTMC,9,,,,,,,,,,,,,,,
AVP0489,CTNPATPFC,9,,,,,,,,,,,,,,,
AVP0490,CLWPTLKGC,9,,,,,,,,,,,,,,,
AVP0491,CHTKIFPNC,9,,,,,,,,,,,,,,,
AVP0492,CHARNSTQC,9,,,,,,,,,,,,,,,
AVP0493,CSLTNTLLC,9,,,,,,,,,,,,,,,
AVP0494,CNPYNTSMC,9,,,,,,,,,,,,,,,
AVP0495,CNGVIHNQC,9,,,,,,,,,,,,,,,
AVP0496,CYHPSFNTC,9,,,,,,,,,,,,,,,
AVP0497,CSGSETKVC,9,,,,,,,,,,,,,,,
AVP0498,CYETKTHSC,9,,,,,,,,,,,,,,,
AVP0499,CTNRHAAGC,9,,,,,,,,,,,,,,,
AVP0500,CNLLRQQTC,9,,,,,,,,,,,,,,,
AVP0501,CVSGQESIC,9,,,,,,,,,,,,,,,
AVP0502,CLALNMSYC,9,,,,,,,,,,,,,,,
AVP0503,CQPHTLPTC,9,,,,,,,,,,,,,,,
AVP0504,CNTKNFHSC,9,,,,,,,,,,,,,,,
AVP0505,CNPMKPLMC,9,,,,,,,,,,,,,,,
AVP0506,CPRSGTAYC,9,,,,,,,,,,,,,,,
AVP0507,CSTPELTFC,9,,,,,,,,,,,,,,,
AVP0508,CMTSHPTLC,9,,,,,,,,,,,,,,,
AVP0509,CPLGKLPWC,9,,,,,,,,,,,,,,,
AVP0510,CQSASPRLC,9,,,,,,,,,,,,,,,
AVP0511,CLTSPTSTC,9,,,,,,,,,,,,,,,
AVP0512,CNTSSTPHC,9,,,,,,,,,,,,,,,
AVP0513,CTQKNIAAC,9,,,,,,,,,,,,,,,
AVP0514,CTNSTLQSC,9,,,,,,,,,,,,,,,
AVP0515,CKPDAISVC,9,,,,,,,,,,,,,,,
AVP0516,CNQSTLLTC,9,,,,,,,,,,,,,,,
AVP0517,CHSPLTSSC,9,,,,,,,,,,,,,,,
AVP0518,CFPTTSRGC,9,,,,,,,,,,,,,,,
AVP0519,CGFSNFRSC,9,,,,,,,,,,,,,,,
AVP0520,CQSQNHNTC,9,,,,,,,,,,,,,,,
AVP0521,CQSIRGPMC,9,,,,,,,,,,,,,,,
AVP0522,CPSTGYSYC,9,,,,,,,,,,,,,,,
AVP0523,CPPGKSSMC,9,,,,,,,,,,,,,,,
AVP0524,CHNLKRPTC,9,,,,,,,,,,,,,,,
AVP0525,CLFNHPKYC,9,,,,,,,,,,,,,,,
AVP0526,CYSLLPRVC,9,,,,,,,,,,,,,,,
AVP0527,CTMLLFHRC,9,,,,,,,,,,,,,,,
AVP0528,CRNTDTALC,9,,,,,,,,,,,,,,,
AVP0529,CPPPQGQTC,9,,,,,,,,,,,,,,,
AVP0530,CIHAPHTQC,9,,,,,,,,,,,,,,,
AVP0531,CPGHIHRTC,9,,,,,,,,,,,,,,,
AVP0532,CLALRHSNC,9,,,,,,,,,,,,,,,
AVP0533,CSPQLAPFC,9,,,,,,,,,,,,,,,
AVP0534,CQLPAERWC,9,,,,,,,,,,,,,,,
AVP0535,CRSLTDNQC,9,,,,,,,,,,,,,,,
AVP0536,CLHKPWSRC,9,,,,,,,,,,,,,,,
AVP0537,CPFVKTQLC,9,,,,,,,,,,,,,,,
AVP0538,MVDRGWGNHAGLFGKGSIV,19,,,,,,,,,,,,,,,
AVP0539,AWLVHTQWFLDLPLPWLPGADTQGSNWI,28,,,,,,,,,,,,,,,
AVP0540,AWLVHRQWFLDLPLPWLPG,19,,,,,,,,,,,,,,,
AVP0541,MAILGDTAWDFGSLGGVFTSIGKALHQVFGAIY,33,,,,,,,,,,,,,,,
AVP0542,VVDRGWGNGAGLFGKGSID,19,,,,,,,,,,,,,,,
AVP0543,TFLVHREWFMDLNLPWSSAGSTVWR,25,,,,,,,,,,,,,,,
AVP0544,TFLVHREWFMDLNLPWSSA,19,,,,,,,,,,,,,,,
AVP0545,KYKETDLLILFKDDYFAKKNEERK,24,,,,,,,,,,,,,,,
AVP0546,MWKTPTLKYFGGFNFSQI,18,,,,,,,,,,,,,,,
AVP0547,ATAGWTFGAGAALQIPFAMQMAY,23,,,,,,,,,,,,,,,
AVP0548,GYHLMSFPQAAPHGVVFLHVTW,22,,,,,,,,,,,,,,,
AVP0549,GVFVFNGTSWFITQRNFFS,19,,,,,,,,,,,,,,,
AVP0550,NEVAKNLNESLIDLQELGKYEQYIKWPWYVW,31,,,,,,,,,,,,,,,
AVP0551,AACEVAKNLNESLIDLQELGKYEQYIKW,28,,,,,,,,,,,,,,,
AVP0552,GNHILSLVQNAPYGLYFIHFSW,22,,,,,,,,,,,,,,,
AVP0553,GYFVQDDGEWKFTGSSYYY,19,,,,,,,,,,,,,,,
AVP0554,RRKKAAVALLPAVLLALLAP,20,,,,,,,,,,,,,,,
AVP0555,DTRACDVIALLCHLNT,16,,,,,,,,,,,,,,,
AVP0556,CDVIALLCHLNT,12,,,,,,,,,,,,,,,
AVP0557,CDVIALLACHLNT,13,,,,,,,,,,,,,,,
AVP0558,CDVIALLCHLNTPSF,15,,,,,,,,,,,,,,,
AVP0559,CDVIALLCHLNTPSFNTTHYRESWY,25,,,,,,,,,,,,,,,
AVP0560,TGPEFPGRPTRP,12,,,,,,,,,,,,,,,
AVP0561,NTTHYRVIRLTIG,13,,,,,,,,,,,,,,,
AVP0562,DTRACDVIALL,11,,,,,,,,,,,,,,,
AVP0563,DTRACDVIPLL,11,,,,,,,,,,,,,,,
AVP0564,CDVIALL,7,,,,,,,,,,,,,,,
AVP0565,DTRAPLAI,8,,,,,,,,,,,,,,,
AVP0566,CDVIALLACHLNTPSF,16,,,,,,,,,,,,,,,
AVP0567,CDVIALLACHLNTPSFNTTHYRESWY,26,,,,,,,,,,,,,,,
AVP0568,CDVIALLECHLNT,13,,,,,,,,,,,,,,,
AVP0569,TRACDVIALLECHLNT,16,,,,,,,,,,,,,,,
AVP0570,DTRACDVIALLECHLNT,17,,,,,,,,,,,,,,,
AVP0571,ATWVCGPCT,9,,,,,,,,,,,,,,,
AVP0572,GGWTQWWWTAFY,12,,,,,,,,,,,,,,,
AVP0573,NNWWYWWDTLVN,12,,,,,,,,,,,,,,,
AVP0574,GLWRFWFGDFLT,12,,,,,,,,,,,,,,,
AVP0575,QMMLTLLWAFWY,12,,,,,,,,,,,,,,,
AVP0576,MSEALWTAWTQW,12,,,,,,,,,,,,,,,
AVP0577,MTGRLISWWWSL,12,,,,,,,,,,,,,,,
AVP0578,WTDMFTAWWSTP,12,,,,,,,,,,,,,,,
AVP0579,GLWRFWFGDFLT,12,,,,,,,,,,,,,,,
AVP0580,WVEYMYSWIPTA,12,,,,,,,,,,,,,,,
AVP0581,RVAAAAITWVPKPNVEVWPVDPPPPVNFNKTAEQEYGDKEVKLPHW,46,,,,,,,,,,,,,,,
AVP0582,RRGRTGRGRRGIYR,14,,,,,,,,,,,,,,,
AVP0583,SWLRDIWDWICEVLSD,16,,,,,,,,,,,,,,,
AVP0584,SWLRDIWDWICEVLSDFK,18,,,,,,,,,,,,,,,
AVP0585,WICEVLSDFK,10,,,,,,,,,,,,,,,
AVP0586,CEVLSDFK,8,,,,,,,,,,,,,,,
AVP0587,SGSWLRDIWDWICEVLSDFK,20,,,,,,,,,,,,,,,
AVP0588,GSWLRDIWDWICEVLSDFK,19,,,,,,,,,,,,,,,
AVP0589,SWLRDIWDWICEVLSDFKT,19,,,,,,,,,,,,,,,
AVP0590,SWLRDIWDWICEVLSDFKTW,20,,,,,,,,,,,,,,,
AVP0591,SWRLIDWDWICEVLSDFK,18,,,,,,,,,,,,,,,
AVP0592,SWRLDIWDWICESVLDFK,18,,,,,,,,,,,,,,,
AVP0593,GIGKFLHSAKKFGKAFVGEIMNS,23,,,,,,,,,,,,,,,
AVP0594,DWLKAFYDKVAEKLKEAF,18,,,,,,,,,,,,,,,
AVP0595,SWLRDIWDWICEVL,14,,,,,,,,,,,,,,,
AVP0596,VLDLIYSLHKQINRGLKKIVL,21,,,,,,,,,,,,,,,
AVP0597,KFDSLVECIWDWIDRLWS,18,,,,,,,,,,,,,,,
AVP0598,KFDSLVECIWDWIDRLWS,18,,,,,,,,,,,,,,,
AVP0599,KWLCRIWSWISDVLDDFE,18,,,,,,,,,,,,,,,
AVP0600,SIWRDWVDLICEFLSDWK,18,,,,,,,,,,,,,,,
AVP0601,SWLRDVWDWICTVLTDFK,18,,,,,,,,,,,,,,,
AVP0602,SWLRDVWDWVCTILTDFK,18,,,,,,,,,,,,,,,
AVP0603,DWLRIIWDWVCSVVSDFK,18,,,,,,,,,,,,,,,
AVP0604,SWLWEVWDWVLHVLSDFK,18,,,,,,,,,,,,,,,
AVP0605,TWLRAIWDWVCTALTDFK,18,,,,,,,,,,,,,,,
AVP0606,SWLRDIWDWICEV,13,,,,,,,,,,,,,,,
AVP0607,SWLRDVWDWVCTVLSDFK,18,,,,,,,,,,,,,,,
AVP0608,SWLRDIWDWISEVLSDFK,18,,,,,,,,,,,,,,,
AVP0609,SWLRDIWDWIREVLSDFK,18,,,,,,,,,,,,,,,
AVP0610,SWLRDIWDWIEEVLSDFK,18,,,,,,,,,,,,,,,
AVP0611,SWLDDIWDWICEVLSDFE,18,,,,,,,,,,,,,,,
AVP0612,SWLRDIWDWICEVLSDFK,18,,,,,,,,,,,,,,,
AVP0613,SWLRDIWDWICKVLSDFK,18,,,,,,,,,,,,,,,
AVP0614,SWLDRIWRWICKVLSRFE,18,,,,,,,,,,,,,,,
AVP0615,SWLRDIWRWICKVLSRFK,18,,,,,,,,,,,,,,,
AVP0616,SWLRRIWRWICKVLSRFK,18,,,,,,,,,,,,,,,
AVP0617,SWLRDIWDWICE,12,,,,,,,,,,,,,,,
AVP0618,SWLRDIWDWI,10,,,,,,,,,,,,,,,
AVP0619,SWLRDIWD,8,,,,,,,,,,,,,,,
AVP0620,LRDIWDWICEVLSDFK,16,,,,,,,,,,,,,,,
AVP0621,DIWDWICEVLSDFK,14,,,,,,,,,,,,,,,
AVP0622,WDWICEVLSDFK,12,,,,,,,,,,,,,,,
AVP0623,RTQRRGRTGRGKPGIYR,17,,,,,,,,,,,,,,,
AVP0624,STQRRGRTGRGRRGIYR,17,,,,,,,,,,,,,,,
AVP0625,RRGRTGRGRRGIYR,14,,,,,,,,,,,,,,,
AVP0626,RTGRGRRGIYR,11,,,,,,,,,,,,,,,
AVP0627,RGRRGIYR,8,,,,,,,,,,,,,,,
AVP0628,RGIYR,5,,,,,,,,,,,,,,,
AVP0629,SQVGD,5,,,,,,,,,,,,,,,
AVP0630,RNPSQVGD,8,,,,,,,,,,,,,,,
AVP0631,RIGRNPSQVGD,11,,,,,,,,,,,,,,,
AVP0632,RRGRIGRNPSQVGD,14,,,,,,,,,,,,,,,
AVP0633,AAQRRGRIGRNPSQVGD,17,,,,,,,,,,,,,,,
AVP0634,NQVGD,5,,,,,,,,,,,,,,,
AVP0635,RNPNQVGD,8,,,,,,,,,,,,,,,
AVP0636,RVGRNPNQVGD,11,,,,,,,,,,,,,,,
AVP0637,RRGRVGRNPNQVGD,14,,,,,,,,,,,,,,,
AVP0638,AAQRRGRVGRNPNQVGD,17,,,,,,,,,,,,,,,
AVP0639,RTQRRGRTGRGKPGIYR,17,,,,,,,,,,,,,,,
AVP0640,STQRRGRTGRGRRGIYR,17,,,,,,,,,,,,,,,
AVP0641,RRGRTGRGRRGIYR,14,,,,,,,,,,,,,,,
AVP0642,RTGRGRRGIYR,11,,,,,,,,,,,,,,,
AVP0643,RGRRGIYR,8,,,,,,,,,,,,,,,
AVP0644,RGIYR,5,,,,,,,,,,,,,,,
AVP0645,RTQRRGRTGRGKPGIYR,17,,,,,,,,,,,,,,,
AVP0646,STQRRGRTGRGRRGIYR,17,,,,,,,,,,,,,,,
AVP0647,RRGRTGRGRRGIYR,14,,,,,,,,,,,,,,,
AVP0648,RTGRGRRGIYR,11,,,,,,,,,,,,,,,
AVP0649,RGRRGIYR,8,,,,,,,,,,,,,,,
AVP0650,RGIYR,5,,,,,,,,,,,,,,,
AVP0651,SQVGD,5,,,,,,,,,,,,,,,
AVP0652,RNPSQVGD,8,,,,,,,,,,,,,,,
AVP0653,RIGRNPSQVGD,11,,,,,,,,,,,,,,,
AVP0654,RRGRIGRNPSQVGD,14,,,,,,,,,,,,,,,
AVP0655,AAQRRGRIGRNPSQVGD,17,,,,,,,,,,,,,,,
AVP0656,SQVGD,5,,,,,,,,,,,,,,,
AVP0657,RNPSQVGD,8,,,,,,,,,,,,,,,
AVP0658,RIGRNPSQVGD,11,,,,,,,,,,,,,,,
AVP0659,RRGRIGRNPSQVGD,14,,,,,,,,,,,,,,,
AVP0660,AAQRRGRIGRNPSQVGD,17,,,,,,,,,,,,,,,
AVP0661,NQVGD,5,,,,,,,,,,,,,,,
AVP0662,RNPNQVGD,8,,,,,,,,,,,,,,,
AVP0663,RVGRNPNQVGD,11,,,,,,,,,,,,,,,
AVP0664,RRGRVGRNPNQVGD,14,,,,,,,,,,,,,,,
AVP0665,AAQRRGRVGRNPNQVGD,17,,,,,,,,,,,,,,,
AVP0666,NQVGD,5,,,,,,,,,,,,,,,
AVP0667,RNPNQVGD,8,,,,,,,,,,,,,,,
AVP0668,RVGRNPNQVGD,11,,,,,,,,,,,,,,,
AVP0669,RRGRVGRNPNQVGD,14,,,,,,,,,,,,,,,
AVP0670,AAQRRGRVGRNPNQVGD,17,,,,,,,,,,,,,,,
AVP0671,TWLATRGLLRSPGRYVYFSPSASTWPVGIWTTGELVLGCDAAL,43,,,,,,,,,,,,,,,
AVP0672,RLTGLLATSGFAFVNAAHANGAVCLSDLLGFLAHSRALAG,40,,,,,,,,,,,,,,,
AVP0673,AAHLIDALYAEFLGGRVLTTPVVHRALFYASAVLRQPFLAGVPSA,45,,,,,,,,,,,,,,,
AVP0674,AAHLIDALYAEFLGGRVLTT,20,,,,,,,,,,,,,,,
AVP0675,GLASTLTRWAHYNALIRAF,19,,,,,,,,,,,,,,,
AVP0676,CCFLNITNSHVSILQERPPLENRVLTGWGL,30,,,,,,,,,,,,,,,
AVP0677,CCFLRIQNDSIIRLGDLQPLSQRVSTDWQ,29,,,,,,,,,,,,,,,
AVP0678,TTPKFTVAWDWVPKR,15,,,,,,,,,,,,,,,
AVP0679,VGQPQYYQANGGFLI,15,,,,,,,,,,,,,,,
AVP0680,KTTSSIEFARLQFTY,15,,,,,,,,,,,,,,,
AVP0681,IEFARLQFTYNHIQR,15,,,,,,,,,,,,,,,
AVP0682,VAADNVIVQNSMRIS,15,,,,,,,,,,,,,,,
AVP0683,GHRRYFTFGGGYVYF,15,,,,,,,,,,,,,,,
AVP0684,HEFVPLEVYTRHEIK,15,,,,,,,,,,,,,,,
AVP0685,APTSPGTPGVAAATQ,15,,,,,,,,,,,,,,,
AVP0686,GTPGVAAATQAANGG,15,,,,,,,,,,,,,,,
AVP0687,AAATQAANGGPATPA,15,,,,,,,,,,,,,,,
AVP0688,AANGGPATPAPPPLG,15,,,,,,,,,,,,,,,
AVP0689,PATPAPPPLGAAPTG,15,,,,,,,,,,,,,,,
AVP0690,PPPLGAAPTGDPKPK,15,,,,,,,,,,,,,,,
AVP0691,AAPTGDPKPKKNKKP,15,,,,,,,,,,,,,,,
AVP0692,DPKPKKNKKPKNPTP,15,,,,,,,,,,,,,,,
AVP0693,KNKKPKNPTPPRPAG,15,,,,,,,,,,,,,,,
AVP0694,KNPTPPRPAGDNATV,15,,,,,,,,,,,,,,,
AVP0695,PRPAGDNATVAAGHA,15,,,,,,,,,,,,,,,
AVP0696,DNATVAAGHATLREH,15,,,,,,,,,,,,,,,
AVP0697,AAGHATLREHLRDIK,15,,,,,,,,,,,,,,,
AVP0698,TLREHLRDIKAENTD,15,,,,,,,,,,,,,,,
AVP0699,LRDIKAENTDANFYV,15,,,,,,,,,,,,,,,
AVP0700,AENTDANFYVCPPPT,15,,,,,,,,,,,,,,,
AVP0701,ANFYVCPPPTGATVV,15,,,,,,,,,,,,,,,
AVP0702,CPPPTGATVVQFEQP,15,,,,,,,,,,,,,,,
AVP0703,GATVVQFEQPRRCPT,15,,,,,,,,,,,,,,,
AVP0704,QFEQPRRCPTRPEGQ,15,,,,,,,,,,,,,,,
AVP0705,RRCPTRPEGQNYTEG,15,,,,,,,,,,,,,,,
AVP0706,RPEGQNYTEGIAVVF,15,,,,,,,,,,,,,,,
AVP0707,NYTEGIAVVFKENIA,15,,,,,,,,,,,,,,,
AVP0708,IAVVFKENIAPYKFK,15,,,,,,,,,,,,,,,
AVP0709,KENIAPYKFKATMYY,15,,,,,,,,,,,,,,,
AVP0710,PYKFKATMYYKDVTV,15,,,,,,,,,,,,,,,
AVP0711,ATMYYKDVTVSQVWF,15,,,,,,,,,,,,,,,
AVP0712,KDVTVSQVWFGHRYS,15,,,,,,,,,,,,,,,
AVP0713,SQVWFGHRYSQFMGI,15,,,,,,,,,,,,,,,
AVP0714,GHRYSQFMGIFEDRA,15,,,,,,,,,,,,,,,
AVP0715,QFMGIFEDRAPVPFE,15,,,,,,,,,,,,,,,
AVP0716,FEDRAPVPFEEVIDK,15,,,,,,,,,,,,,,,
AVP0717,PVPFEEVIDKINAKG,15,,,,,,,,,,,,,,,
AVP0718,EVIDKINAKGVCRST,15,,,,,,,,,,,,,,,
AVP0719,INAKGVCRSTAKYVR,15,,,,,,,,,,,,,,,
AVP0720,VCRSTAKYVRNNLET,15,,,,,,,,,,,,,,,
AVP0721,AKYVRNNLETTAFHR,15,,,,,,,,,,,,,,,
AVP0722,NNLETTAFHRDDHET,15,,,,,,,,,,,,,,,
AVP0723,TAFHRDDHETDMELK,15,,,,,,,,,,,,,,,
AVP0724,DDHETDMELKPANAA,15,,,,,,,,,,,,,,,
AVP0725,DMELKPANAATRTSR,15,,,,,,,,,,,,,,,
AVP0726,PANAATRTSRGWHTT,15,,,,,,,,,,,,,,,
AVP0727,TRTSRGWHTTDLKYN,15,,,,,,,,,,,,,,,
AVP0728,GWHTTDLKYNPSRVE,15,,,,,,,,,,,,,,,
AVP0729,DLKYNPSRVEAFHRY,15,,,,,,,,,,,,,,,
AVP0730,PSRVEAFHRYGTTVN,15,,,,,,,,,,,,,,,
AVP0731,AFHRYGTTVNCIVEE,15,,,,,,,,,,,,,,,
AVP0732,GTTVNCIVEEVDARS,15,,,,,,,,,,,,,,,
AVP0733,CIVEEVDARSVYPYD,15,,,,,,,,,,,,,,,
AVP0734,VDARSVYPYDEFVLA,15,,,,,,,,,,,,,,,
AVP0735,VYPYDEFVLATGDFV,15,,,,,,,,,,,,,,,
AVP0736,EFVLATGDFVYMSPF,15,,,,,,,,,,,,,,,
AVP0737,TGDFVYMSPFYGYRE,15,,,,,,,,,,,,,,,
AVP0738,YMSPFYGYREGSHTE,15,,,,,,,,,,,,,,,
AVP0739,YGYREGSHTEHTTYA,15,,,,,,,,,,,,,,,
AVP0740,GSHTEHTTYAADRFK,15,,,,,,,,,,,,,,,
AVP0741,HTTYAADRFKQVDGF,15,,,,,,,,,,,,,,,
AVP0742,ADRFKQVDGFYARDL,15,,,,,,,,,,,,,,,
AVP0743,QVDGFYARDLTTKAR,15,,,,,,,,,,,,,,,
AVP0744,YARDLTTKARATAPT,15,,,,,,,,,,,,,,,
AVP0745,TTKARATAPTTRNLL,15,,,,,,,,,,,,,,,
AVP0746,ATAPTTRNLLTTPKF,15,,,,,,,,,,,,,,,
AVP0747,TRNLLTTPKFTVAWD,15,,,,,,,,,,,,,,,
AVP0748,TVAWDWVPKRPSVCT,15,,,,,,,,,,,,,,,
AVP0749,WVPKRPSVCTMTKWQ,15,,,,,,,,,,,,,,,
AVP0750,PSVCTMTKWQEVDEM,15,,,,,,,,,,,,,,,
AVP0751,MTKWQEVDEMLRSEY,15,,,,,,,,,,,,,,,
AVP0752,EVDEMLRSEYGGSFR,15,,,,,,,,,,,,,,,
AVP0753,LRSEYGGSFRFSSDA,15,,,,,,,,,,,,,,,
AVP0754,GGSFRFSSDAISTTF,15,,,,,,,,,,,,,,,
AVP0755,FSSDAISTTFTTNLT,15,,,,,,,,,,,,,,,
AVP0756,ISTTFTTNLTEYPLS,15,,,,,,,,,,,,,,,
AVP0757,TTNLTEYPLSRVDLG,15,,,,,,,,,,,,,,,
AVP0758,EYPLSRVDLGDCIGK,15,,,,,,,,,,,,,,,
AVP0759,RVDLGDCIGKDARDA,15,,,,,,,,,,,,,,,
AVP0760,DCIGKDARDAMDRIF,15,,,,,,,,,,,,,,,
AVP0761,DARDAMDRIFARRYN,15,,,,,,,,,,,,,,,
AVP0762,MDRIFARRYNATHIK,15,,,,,,,,,,,,,,,
AVP0763,ARRYNATHIKVGQPQ,15,,,,,,,,,,,,,,,
AVP0764,ATHIKVGQPQYYQAN,15,,,,,,,,,,,,,,,
AVP0765,YYQANGGFLIAYQPL,15,,,,,,,,,,,,,,,
AVP0766,GGFLIAYQPLLSNTL,15,,,,,,,,,,,,,,,
AVP0767,AYQPLLSNTLAELYV,15,,,,,,,,,,,,,,,
AVP0768,LSNTLAELYVREHLR,15,,,,,,,,,,,,,,,
AVP0769,AELYVREHLREQSRK,15,,,,,,,,,,,,,,,
AVP0770,REHLREQSRKPPNPT,15,,,,,,,,,,,,,,,
AVP0771,EQSRKPPNPTPPPPG,15,,,,,,,,,,,,,,,
AVP0772,PPNPTPPPPGASANA,15,,,,,,,,,,,,,,,
AVP0773,PPPPGASANASVERI,15,,,,,,,,,,,,,,,
AVP0774,ASANASVERIKTTSS,15,,,,,,,,,,,,,,,
AVP0775,SVERIKTTSSIEFAR,15,,,,,,,,,,,,,,,
AVP0776,LQFTYNHIQRHVNDM,15,,,,,,,,,,,,,,,
AVP0777,NHIQRHVNDMLGRVA,15,,,,,,,,,,,,,,,
AVP0778,HVNDMLGRVAIAWCE,15,,,,,,,,,,,,,,,
AVP0779,LGRVAIAWCELQNHE,15,,,,,,,,,,,,,,,
AVP0780,IAWCELQNHELTLWN,15,,,,,,,,,,,,,,,
AVP0781,LQNHELTLWNEARKL,15,,,,,,,,,,,,,,,
AVP0782,LTLWNEARKLNPNAI,15,,,,,,,,,,,,,,,
AVP0783,EARKLNPNAIASVTV,15,,,,,,,,,,,,,,,
AVP0784,NPNAIASVTVGRRVS,15,,,,,,,,,,,,,,,
AVP0785,ASVTVGRRVSARMLG,15,,,,,,,,,,,,,,,
AVP0786,GRRVSARMLGDVMAV,15,,,,,,,,,,,,,,,
AVP0787,ARMLGDVMAVSTCVP,15,,,,,,,,,,,,,,,
AVP0788,DVMAVSTCVPVAADN,15,,,,,,,,,,,,,,,
AVP0789,STCVPVAADNVIVQN,15,,,,,,,,,,,,,,,
AVP0790,VIVQNSMRISSRPGA,15,,,,,,,,,,,,,,,
AVP0791,SMRISSRPGACYSRP,15,,,,,,,,,,,,,,,
AVP0792,SRPGACYSRPLVSFR,15,,,,,,,,,,,,,,,
AVP0793,CYSRPLVSFRYEDQG,15,,,,,,,,,,,,,,,
AVP0794,LVSFRYEDQGPLVEG,15,,,,,,,,,,,,,,,
AVP0795,YEDQGPLVEGQLGEN,15,,,,,,,,,,,,,,,
AVP0796,PLVEGQLGENNELRL,15,,,,,,,,,,,,,,,
AVP0797,QLGENNELRLTRDAI,15,,,,,,,,,,,,,,,
AVP0798,NELRLTRDAIEPCTV,15,,,,,,,,,,,,,,,
AVP0799,TRDAIEPCTVGHRRY,15,,,,,,,,,,,,,,,
AVP0800,EPCTVGHRRYFTFGG,15,,,,,,,,,,,,,,,
AVP0801,FTFGGGYVYFEEYAY,15,,,,,,,,,,,,,,,
AVP0802,GYVYFEEYAYSHQLS,15,,,,,,,,,,,,,,,
AVP0803,EEYAYSHQLSRADIT,15,,,,,,,,,,,,,,,
AVP0804,SHQLSRADITTVSTF,15,,,,,,,,,,,,,,,
AVP0805,RADITTVSTFIDLNI,15,,,,,,,,,,,,,,,
AVP0806,TVSTFIDLNITMLED,15,,,,,,,,,,,,,,,
AVP0807,IDLNITMLEDHEFVP,15,,,,,,,,,,,,,,,
AVP0808,TMLEDHEFVPLEVYT,15,,,,,,,,,,,,,,,
AVP0809,LEVYTRHEIKDSGLL,15,,,,,,,,,,,,,,,
AVP0810,RHEIKDSGLLDYTEV,15,,,,,,,,,,,,,,,
AVP0811,DSGLLDYTEVQRRNQ,15,,,,,,,,,,,,,,,
AVP0812,DYTEVQRRNQLHDLR,15,,,,,,,,,,,,,,,
AVP0813,QRRNQLHDLRFADID,15,,,,,,,,,,,,,,,
AVP0814,LHDLRFADIDTVIHA,15,,,,,,,,,,,,,,,
AVP0815,FADIDTVIHADANAA,15,,,,,,,,,,,,,,,
AVP0816,CCFLNITNSHVSILQERPPLENRVLTGWGL,30,,,,,,,,,,,,,,,
AVP0817,LNITNSHVSILQERPPLENRVL,22,,,,,,,,,,,,,,,
AVP0818,CFLNITNSHVSILQERPPLENRV,23,,,,,,,,,,,,,,,
AVP0819,CFLNITNSHVSILQEAPPLENRV,23,,,,,,,,,,,,,,,
AVP0820,CFLNITNSHVSILQEAPPLENAV,23,,,,,,,,,,,,,,,
AVP0821,LYGNEGCGWAGWLLSPRG,18,,,,,,,,,,,,,,,
AVP0822,GWAGWLLSPRGSRPSWGP,18,,,,,,,,,,,,,,,
AVP0823,GWAGWLLSPRGSRPS,15,,,,,,,,,,,,,,,
AVP0824,RRKKAAVALLPAVLLALLAP,20,,,,,,,,,,,,,,,
AVP0825,RRKKAAVALLPAVLLALLA,19,,,,,,,,,,,,,,,
AVP0826,RRKKAAVALLPAVLLALL,18,,,,,,,,,,,,,,,
AVP0827,RRKKAAVALLPAVLLAL,17,,,,,,,,,,,,,,,
AVP0828,RRKKAAVALLPAVLLA,16,,,,,,,,,,,,,,,
AVP0829,RRKKAAVALLPAVLL,15,,,,,,,,,,,,,,,
AVP0830,RRKKAAVALLPAVL,14,,,,,,,,,,,,,,,
AVP0831,RRKKAAVALLPAV,13,,,,,,,,,,,,,,,
AVP0832,RRKKAAVALLPA,12,,,,,,,,,,,,,,,
AVP0833,RRKKAAVALLP,11,,,,,,,,,,,,,,,
AVP0834,RRKKAAVALL,10,,,,,,,,,,,,,,,
AVP0835,RRKKAAVAL,9,,,,,,,,,,,,,,,
AVP0836,RRKKAAVA,8,,,,,,,,,,,,,,,
AVP0837,RRKKAAV,7,,,,,,,,,,,,,,,
AVP0838,RRKKAA,6,,,,,,,,,,,,,,,
AVP0839,RRKKA,5,,,,,,,,,,,,,,,
AVP0840,RRKK,4,,,,,,,,,,,,,,,
AVP0841,RRKKAVALLPAVLLALLAP,19,,,,,,,,,,,,,,,
AVP0842,RRKKVALLPAVLLALLAP,18,,,,,,,,,,,,,,,
AVP0843,RRKKALLPAVLLALLAP,17,,,,,,,,,,,,,,,
AVP0844,RRKKLLPAVLLALLAP,16,,,,,,,,,,,,,,,
AVP0845,RRKKLPAVLLALLAP,15,,,,,,,,,,,,,,,
AVP0846,RRKKVLLALLAP,12,,,,,,,,,,,,,,,
AVP0847,RRKKLLALLAP,11,,,,,,,,,,,,,,,
AVP0848,RRKKALLAP,9,,,,,,,,,,,,,,,
AVP0849,RRKKLLAP,8,,,,,,,,,,,,,,,
AVP0850,RRKKLAP,7,,,,,,,,,,,,,,,
AVP0851,RRKKAP,6,,,,,,,,,,,,,,,
AVP0852,RRKKP,5,,,,,,,,,,,,,,,
AVP0853,RRKKLAALPLVLAAPLAVLA,20,,,,,,,,,,,,,,,
AVP0854,RRKKAAVALLPAVLLALLAP,20,,,,,,,,,,,,,,,
AVP0855,RRKKLAALPLVLAAPLAVLA,20,,,,,,,,,,,,,,,
AVP0856,RRKKAAVAALPAVLLALLAP,20,,,,,,,,,,,,,,,
AVP0857,RRKKAAVALAPAVLLALLAP,20,,,,,,,,,,,,,,,
AVP0858,RRKKAAVALLPAVALALLAP,20,,,,,,,,,,,,,,,
AVP0859,RRKKAAVALLPAVLAALLAP,20,,,,,,,,,,,,,,,
AVP0860,RRKKAAVALLKAVLLAALAP,20,,,,,,,,,,,,,,,
AVP0861,RRKKAAVALLKAVLLALAAP,20,,,,,,,,,,,,,,,
AVP0862,RRKKAAVAKLPAVLLALLAP,20,,,,,,,,,,,,,,,
AVP0863,RRKKAAVALKPAVLLALLAP,20,,,,,,,,,,,,,,,
AVP0864,RRKKAAVALLPAVKLALLAP,20,,,,,,,,,,,,,,,
AVP0865,RRKKAAVALLPAVLKALLAP,20,,,,,,,,,,,,,,,
AVP0866,RRKKAAVALLPAVLLAKLAP,20,,,,,,,,,,,,,,,
AVP0867,RRKKAAVALLKAVLLALKAP,20,,,,,,,,,,,,,,,
AVP0868,RRKKAAVAELPAVLLALLAP,20,,,,,,,,,,,,,,,
AVP0869,RRKKAAVALEPAVLLALLAP,20,,,,,,,,,,,,,,,
AVP0870,RRKKAAVALLPAVELALLAP,20,,,,,,,,,,,,,,,
AVP0871,RRKKAAVALLPAVLEALLAP,20,,,,,,,,,,,,,,,
AVP0872,RRKKAAVALLPAVLLAELAP,20,,,,,,,,,,,,,,,
AVP0873,RRKKAAVALLPAVLLALEAP,20,,,,,,,,,,,,,,,
AVP0874,RQLVLRTR,8,,,,,,,,,,,,,,,
AVP0875,EALMWEGF,8,,,,,,,,,,,,,,,
AVP0876,CDQRTTRLC,9,,,,,,,,,,,,,,,
AVP0877,CPHDPNHPC,9,,,,,,,,,,,,,,,
AVP0878,CQSQTRNHC,9,,,,,,,,,,,,,,,
AVP0879,CLQDMRQFC,9,,,,,,,,,,,,,,,
AVP0880,CLPTDPIQC,9,,,,,,,,,,,,,,,
AVP0881,CPDHPFLRC,9,,,,,,,,,,,,,,,
AVP0882,CSTRAENQC,9,,,,,,,,,,,,,,,
AVP0883,CPSHLDAFC,9,,,,,,,,,,,,,,,
AVP0884,CKTGHMRIC,9,,,,,,,,,,,,,,,
AVP0885,CVRTPTHHC,9,,,,,,,,,,,,,,,
AVP0886,CSGVINTTC,9,,,,,,,,,,,,,,,
AVP0887,CPLASTRTC,9,,,,,,,,,,,,,,,
AVP0888,CSQFPPRLC,9,,,,,,,,,,,,,,,
AVP0889,CLLNKQNAC,9,,,,,,,,,,,,,,,
AVP0890,CKFPLNAAC,9,,,,,,,,,,,,,,,
AVP0891,CSLTPHRSC,9,,,,,,,,,,,,,,,
AVP0892,CKPWPMYSC,9,,,,,,,,,,,,,,,
AVP0893,CLQHDALNC,9,,,,,,,,,,,,,,,
AVP0894,CNANKPKMC,9,,,,,,,,,,,,,,,
AVP0895,CPKHVLKVC,9,,,,,,,,,,,,,,,
AVP0896,CTPDKKSFC,9,,,,,,,,,,,,,,,
AVP0897,CHGKAALAC,9,,,,,,,,,,,,,,,
AVP0898,CNLMGNPHC,9,,,,,,,,,,,,,,,
AVP0899,CLKNWFQPC,9,,,,,,,,,,,,,,,
AVP0900,CKEYGRQMC,9,,,,,,,,,,,,,,,
AVP0901,CQPSDPHLC,9,,,,,,,,,,,,,,,
AVP0902,CSHLPPNRC,9,,,,,,,,,,,,,,,
AVP0903,CSPLLRTVC,9,,,,,,,,,,,,,,,
AVP0904,CHKGHTWNC,9,,,,,,,,,,,,,,,
AVP0905,CINASHAHC,9,,,,,,,,,,,,,,,
AVP0906,CWPPSSRTC,9,,,,,,,,,,,,,,,
AVP0907,CPSSPFNHC,9,,,,,,,,,,,,,,,
AVP0908,CEHLSHAAC,9,,,,,,,,,,,,,,,
AVP0909,CQDRKTSQC,9,,,,,,,,,,,,,,,
AVP0910,CTDVYRPTC,9,,,,,,,,,,,,,,,
AVP0911,CGEKSAQLC,9,,,,,,,,,,,,,,,
AVP0912,CSAAERLNC,9,,,,,,,,,,,,,,,
AVP0913,CFRTLEHLC,9,,,,,,,,,,,,,,,
AVP0914,CEKLHTASC,9,,,,,,,,,,,,,,,
AVP0915,CSLHSHKGC,9,,,,,,,,,,,,,,,
AVP0916,CNSHSPVHC,9,,,,,,,,,,,,,,,
AVP0917,CMQSAAAHC,9,,,,,,,,,,,,,,,
AVP0918,CPAASHPRC,9,,,,,,,,,,,,,,,
AVP0919,CKSLGSSQC,9,,,,,,,,,,,,,,,
AVP0920,CPSNVNNIC,9,,,,,,,,,,,,,,,
AVP0921,CHPGSSSRC,9,,,,,,,,,,,,,,,
AVP0922,CSLSPLGRC,9,,,,,,,,,,,,,,,
AVP0923,CTARYTQHC,9,,,,,,,,,,,,,,,
AVP0924,CHGVYALHC,9,,,,,,,,,,,,,,,
AVP0925,CLQHNEREC,9,,,,,,,,,,,,,,,
AVP0926,CHPSTHRYC,9,,,,,,,,,,,,,,,
AVP0927,CPGNWWSTC,9,,,,,,,,,,,,,,,
AVP0928,CGMLNWNRC,9,,,,,,,,,,,,,,,
AVP0929,CPHTQFWQC,9,,,,,,,,,,,,,,,
AVP0930,CTPTMHNHC,9,,,,,,,,,,,,,,,
AVP0931,CDQVAGYSC,9,,,,,,,,,,,,,,,
AVP0932,CIPMMTEFC,9,,,,,,,,,,,,,,,
AVP0933,CERPYSRLC,9,,,,,,,,,,,,,,,
AVP0934,CPSLHTREC,9,,,,,,,,,,,,,,,
AVP0935,CSPLQIPYC,9,,,,,,,,,,,,,,,
AVP0936,CTTMTRMTC,9,,,,,,,,,,,,,,,
AVP0937,CNKPFSLPC,9,,,,,,,,,,,,,,,
AVP0938,CHNLESGTC,9,,,,,,,,,,,,,,,
AVP0939,CNSVPPYQC,9,,,,,,,,,,,,,,,
AVP0940,CSDSWLPRC,9,,,,,,,,,,,,,,,
AVP0941,CSAPFTKSC,9,,,,,,,,,,,,,,,
AVP0942,CEGLPNIDC,9,,,,,,,,,,,,,,,
AVP0943,CTSTHTKTC,9,,,,,,,,,,,,,,,
AVP0944,CLSIHSSVC,9,,,,,,,,,,,,,,,
AVP0945,CPWSTQYAC,9,,,,,,,,,,,,,,,
AVP0946,CTGSNLPIC,9,,,,,,,,,,,,,,,
AVP0947,CSLAPANTC,9,,,,,,,,,,,,,,,
AVP0948,CGLKTNPAC,9,,,,,,,,,,,,,,,
AVP0949,CRDTTPWWC,9,,,,,,,,,,,,,,,
AVP0950,CHTNASPHC,9,,,,,,,,,,,,,,,
AVP0951,CTSMAYHHC,9,,,,,,,,,,,,,,,
AVP0952,CSLSSPRIC,9,,,,,,,,,,,,,,,
AVP0953,CVSLEHQNC,9,,,,,,,,,,,,,,,
AVP0954,CRVTQTHTC,9,,,,,,,,,,,,,,,
AVP0955,CPTTKSNVC,9,,,,,,,,,,,,,,,
AVP0956,CSPGPHRVC,9,,,,,,,,,,,,,,,
AVP0957,CKSTSNVYC,9,,,,,,,,,,,,,,,
AVP0958,CTVGPTRSC,9,,,,,,,,,,,,,,,
AVP0959,CPMSQNPTC,9,,,,,,,,,,,,,,,
AVP0960,CPKLHPGGC,9,,,,,,,,,,,,,,,
AVP0961,GWWYKGRARPVSAVA,15,,,,,,,,,,,,,,,
AVP0962,RAVWRHSVATPSHSV,15,,,,,,,,,,,,,,,
AVP0963,GAWYKGRARPVSAVA,15,,,,,,,,,,,,,,,
AVP0964,GWWYKGRARAVSAVA,15,,,,,,,,,,,,,,,
AVP0965,AVASVPRARGKYWWG,15,,,,,,,,,,,,,,,
AVP0966,DFRRLPGAFWQLRQP,15,,,,,,,,,,,,,,,
AVP0967,AETVESCLAKPHTEN,15,,,,,,,,,,,,,,,
AVP0968,GWWYKGRARPVSAVA,15,,,,,,,,,,,,,,,
AVP0969,RAVWRHSVATPSHSV,15,,,,,,,,,,,,,,,
AVP0970,SFYSVLFLWGTCGGFSHSWY,20,,,,,,,,,,,,,,,
AVP0971,CNDFRSKTC,9,,,,,,,,,,,,,,,
AVP0972,AALEAKICHQIEYYFGDF,18,,,,,,,,,,,,,,,
AVP0973,SSCNMGWDTPACCVWFPYWV,20,,,,,,,,,,,,,,,
AVP0974,MAVGLVLCDWWLGEYLLEA,19,,,,,,,,,,,,,,,
AVP0975,PVLQPALSLSCGPEPLLLSC,20,,,,,,,,,,,,,,,
AVP0976,IEVTFVNRRGDGAELWYLSA,20,,,,,,,,,,,,,,,
AVP0977,MDVNPTLLFLKVPAQNAISTTFPYT,25,,,,,,,,,,,,,,,
AVP0978,VNPTLLFLKVPAQNAISTTFPYT,23,,,,,,,,,,,,,,,
AVP0979,PTLLFLKVPAQNAISTTFPYT,21,,,,,,,,,,,,,,,
AVP0980,LLFLKVPAQNAISTTFPYT,19,,,,,,,,,,,,,,,
AVP0981,FLKVPAQNAISTTFPYT,17,,,,,,,,,,,,,,,
AVP0982,KVPAQNAISTTFPYT,15,,,,,,,,,,,,,,,
AVP0983,MDVNPTLLFLKVPAQNAIST,20,,,,,,,,,,,,,,,
AVP0984,MDVNPTLLFLKVPAQNAI,18,,,,,,,,,,,,,,,
AVP0985,MDVNPTLLFLKVPAQN,16,,,,,,,,,,,,,,,
AVP0986,MDVNPTLLFLKVPAQ,15,,,,,,,,,,,,,,,
AVP0987,MDVNPTLLFLKVPA,14,,,,,,,,,,,,,,,
AVP0988,MDVNPTLLFLKVP,13,,,,,,,,,,,,,,,
AVP0989,MDVNPTLLFLKV,12,,,,,,,,,,,,,,,
AVP0990,MDVNPTLLFLK,11,,,,,,,,,,,,,,,
AVP0991,MDVNPTLLFL,10,,,,,,,,,,,,,,,
AVP0992,MDVNPTLLF,9,,,,,,,,,,,,,,,
AVP0993,MDVNPTLL,8,,,,,,,,,,,,,,,
AVP0994,MDVNPTL,7,,,,,,,,,,,,,,,
AVP0995,MDVNPT,6,,,,,,,,,,,,,,,
AVP0996,MNINPYPLFIDVPIQ,15,,,,,,,,,,,,,,,
AVP0997,MNINPTLLFLKVPIQ,15,,,,,,,,,,,,,,,
AVP0998,MDVNPTLLFIDVPAQ,15,,,,,,,,,,,,,,,
AVP0999,MNINPTLLFLKVPAQ,15,,,,,,,,,,,,,,,
AVP1000,MDVNPYFLFLKVPAQ,15,,,,,,,,,,,,,,,
AVP1001,MDVNPTFLFLKVPAQ,15,,,,,,,,,,,,,,,
AVP1002,MDVNPYLLFLKVPAQ,15,,,,,,,,,,,,,,,
AVP1003,MDVNPFLLFLKVPAQ,15,,,,,,,,,,,,,,,
AVP1004,MDVNPWLLFLKVPAQ,15,,,,,,,,,,,,,,,
AVP1005,MDVNPHLLFLKVPAQ,15,,,,,,,,,,,,,,,
AVP1006,MDVNPCLLFLKVPAQ,15,,,,,,,,,,,,,,,
AVP1007,MDVNPTLLFLKVPAQ,15,,,,,,,,,,,,,,,
AVP1008,MNINPYPLFIDVPIQ,15,,,,,,,,,,,,,,,
AVP1009,MNINPTLLFLKVPIQ,15,,,,,,,,,,,,,,,
AVP1010,MDVNPTLLFIDVPAQ,15,,,,,,,,,,,,,,,
AVP1011,MNINPTLLFLKVPAQ,15,,,,,,,,,,,,,,,
AVP1012,MDVNPYFLFLKVPAQ,15,,,,,,,,,,,,,,,
AVP1013,MDVNPTFLFLKVPAQ,15,,,,,,,,,,,,,,,
AVP1014,MDVNPYLLFLKVPAQ,15,,,,,,,,,,,,,,,
AVP1015,MDVNPFLLFLKVPAQ,15,,,,,,,,,,,,,,,
AVP1016,MDVNPWLLFLKVPAQ,15,,,,,,,,,,,,,,,
AVP1017,MDVNPHLLFLKVPAQ,15,,,,,,,,,,,,,,,
AVP1018,MDVNPCLLFLKVPAQ,15,,,,,,,,,,,,,,,
AVP1019,QKKIRVRLSA,10,,,,,,,,,,,,,,,
AVP1020,QKKIRVRL,8,,,,,,,,,,,,,,,
AVP1021,QKKIRVRWSA,10,,,,,,,,,,,,,,,
AVP1022,NKKIRVRL,8,,,,,,,,,,,,,,,
AVP1023,ASLRVRIKKQ,10,,,,,,,,,,,,,,,
AVP1024,ASLRVRIKK,9,,,,,,,,,,,,,,,
AVP1025,FKKIRVRL,8,,,,,,,,,,,,,,,
AVP1026,QKKIRVRISA,10,,,,,,,,,,,,,,,
AVP1027,QKKIRVRLSW,10,,,,,,,,,,,,,,,
AVP1028,QKKIRVRFSA,10,,,,,,,,,,,,,,,
AVP1029,QKKIRFRLSA,10,,,,,,,,,,,,,,,
AVP1030,QKKIRIRLSA,10,,,,,,,,,,,,,,,
AVP1031,QKKIRWRLSA,10,,,,,,,,,,,,,,,
AVP1032,QKKFRVRLSA,10,,,,,,,,,,,,,,,
AVP1033,SFAIKWEYVLLLFLL,15,,,,,,,,,,,,,,,
AVP1034,FAIKWEYVLLLFLL,14,,,,,,,,,,,,,,,
AVP1035,AIKWEYVLLLFLL,13,,,,,,,,,,,,,,,
AVP1036,IKWEYVLLLFLL,12,,,,,,,,,,,,,,,
AVP1037,KWEYVLLLFLL,11,,,,,,,,,,,,,,,
AVP1038,WEYVLLLFLL,10,,,,,,,,,,,,,,,
AVP1039,VSFAIKWEYVLLLFL,15,,,,,,,,,,,,,,,
AVP1040,VSFAIKWEYVLLLF,14,,,,,,,,,,,,,,,
AVP1041,VSFAIKWEYVLLL,13,,,,,,,,,,,,,,,
AVP1042,VSFAIKWEYVLL,12,,,,,,,,,,,,,,,
AVP1043,VSFAIKWEYVL,11,,,,,,,,,,,,,,,
AVP1044,MEHFPGP,7,,,,,,,,,,,,,,,
AVP1045,TLPRPGP,7,,,,,,,,,,,,,,,
AVP1046,LPRPGP,6,,,,,,,,,,,,,,,
AVP1047,PRPGP,5,,,,,,,,,,,,,,,
AVP1048,RPGP,4,,,,,,,,,,,,,,,
AVP1049,PGP,3,,,,,,,,,,,,,,,
AVP1050,TLPGP,5,,,,,,,,,,,,,,,
AVP1051,TLPR,4,,,,,,,,,,,,,,,
AVP1052,TLP,3,,,,,,,,,,,,,,,
AVP1053,LPR,3,,,,,,,,,,,,,,,
AVP1054,RP,2,,,,,,,,,,,,,,,
AVP1055,GP,2,,,,,,,,,,,,,,,
AVP1056,RWMVWRHWFHRLRLPYNPGKNKQNQQWP,28,,,,,,,,,,,,,,,
AVP1057,RQMRAWGQDYQHGGMGYSC,19,,,,,,,,,,,,,,,
AVP1058,FWFTLIKTQAKQPARYRRFC,20,,,,,,,,,,,,,,,
AVP1059,RRRRRRRRHPAEPGSTVTTQNTASQTMS,28,,,,,,,,,,,,,,,
AVP1060,MSTNPKPQRKTKRNTNRRPQDVKFPGGGQIVGGVYL,36,,,,,,,,,,,,,,,
AVP1061,MSTNPKPQRKTKRNTNRRPQDVKFPGGGQIVGGVY,35,,,,,,,,,,,,,,,
AVP1062,MSTNPKPQRKTKRNTNRRPQDVKFPGGGQIVGGV,34,,,,,,,,,,,,,,,
AVP1063,TKRNTNRRPQDVKFPGGGQIVGGVYL,26,,,,,,,,,,,,,,,
AVP1064,NRRPQDVKFPGGGQIVGGVYL,21,,,,,,,,,,,,,,,
AVP1065,DVKFPGGGQIVGGVYL,16,,,,,,,,,,,,,,,
AVP1066,NRRPQDVKFPGGGQIVGGVY,20,,,,,,,,,,,,,,,
AVP1067,NRRPQDVKFPGGGQIVGGV,19,,,,,,,,,,,,,,,
AVP1068,CHRCFHFRRHPVAVF,15,,,,,,,,,,,,,,,
AVP1069,TRHRHVPRFLPLRHV,15,,,,,,,,,,,,,,,
AVP1070,RRKKAAVALLPAVLLALLAP,20,,,,,,,,,,,,,,,
AVP1071,RRKKAAVALLPAVLLALLA,19,,,,,,,,,,,,,,,
AVP1072,RRKKAAVALLPAVLLALL,18,,,,,,,,,,,,,,,
AVP1073,RRKKAAVALLPAVLLAL,17,,,,,,,,,,,,,,,
AVP1074,RRKKAAVALLPAVLLA,16,,,,,,,,,,,,,,,
AVP1075,RRKKAAVALLPAVLL,15,,,,,,,,,,,,,,,
AVP1076,RRKKAAVALLPAVL,14,,,,,,,,,,,,,,,
AVP1077,RRKKAAVALLPAV,13,,,,,,,,,,,,,,,
AVP1078,RRKKAAVALLPA,12,,,,,,,,,,,,,,,
AVP1079,RRKKAAVALLP,11,,,,,,,,,,,,,,,
AVP1080,RRKKAAVALL,10,,,,,,,,,,,,,,,
AVP1081,RRKKAAVAL,9,,,,,,,,,,,,,,,
AVP1082,RRKKAAVA,8,,,,,,,,,,,,,,,
AVP1083,RRKKAAV,7,,,,,,,,,,,,,,,
AVP1084,RRKKAA,6,,,,,,,,,,,,,,,
AVP1085,RRKKA,5,,,,,,,,,,,,,,,
AVP1086,RRKK,4,,,,,,,,,,,,,,,
AVP1087,RRKKAVALLPAVLLALLAP,19,,,,,,,,,,,,,,,
AVP1088,RRKKVALLPAVLLALLAP,18,,,,,,,,,,,,,,,
AVP1089,RRKKALLPAVLLALLAP,17,,,,,,,,,,,,,,,
AVP1090,RRKKLLPAVLLALLAP,16,,,,,,,,,,,,,,,
AVP1091,RRKKLPAVLLALLAP,15,,,,,,,,,,,,,,,
AVP1092,RRKKPAVLLALLAP,14,,,,,,,,,,,,,,,
AVP1093,RRKKAVLLALLAP,13,,,,,,,,,,,,,,,
AVP1094,RRKKVLLALLAP,12,,,,,,,,,,,,,,,
AVP1095,RRKKLLALLAP,11,,,,,,,,,,,,,,,
AVP1096,RRKKLALLAP,10,,,,,,,,,,,,,,,
AVP1097,RRKKALLAP,9,,,,,,,,,,,,,,,
AVP1098,RRKKLLAP,8,,,,,,,,,,,,,,,
AVP1099,RRKKLAP,7,,,,,,,,,,,,,,,
AVP1100,RRKKAP,6,,,,,,,,,,,,,,,
AVP1101,RRKKP,5,,,,,,,,,,,,,,,
AVP1102,DQYLESVKKIHKRLDV,16,,,,,,,,,,,,,,,
AVP1103,SWSTLTANQNPSPPWSKLTY,20,,,,,,,,,,,,,,,
AVP1104,SDFRRQNRRGGTNKRTT,17,,,,,,,,,,,,,,,
AVP1105,LAEGPPVKECAVTCRYDKDADINVVTQARN,30,,,,,,,,,,,,,,,
AVP1106,AVSPTTLRTEVVKTFRRDKPFPHRMDCVTT,30,,,,,,,,,,,,,,,
AVP1107,WCNWHNIDPWIQLMNRTQADLAEGPPVKEC,30,,,,,,,,,,,,,,,
AVP1108,VSRRYLASLHKKALPTSVTFELLFDGTNPS,30,,,,,,,,,,,,,,,
AVP1109,YLRGVNRSLHGIWPGKICKGVPTHLATDVE,30,,,,,,,,,,,,,,,
AVP1110,VPTHLATDVELKEIQGMMDASEGTNYTCCK,30,,,,,,,,,,,,,,,
AVP1111,TTVKVHASDERLGPMPCRPKEIVSSAGPVM,30,,,,,,,,,,,,,,,
AVP1112,ELLFDGTNPSTEEMGDDFRSGLCPFDTSPV,30,,,,,,,,,,,,,,,
AVP1113,VEDTLYGDHECGSLLQDAALYLVDGMTNTI,30,,,,,,,,,,,,,,,
AVP1114,VKQCRWCGFDFDGPDGLPHYPIGKCILANE,30,,,,,,,,,,,,,,,
AVP1115,TLKNRYYEPRDSYFQQYMLKGEYQYWFDLD,30,,,,,,,,,,,,,,,
AVP1116,GLCPFDTSPVVKGKYNTTLLNGSAFYLVCP,30,,,,,,,,,,,,,,,
AVP1117,YGRKKRRQRRRGSGIEPHDWTKNITDKIDQIIHDFVDK,38,,,,,,,,,,,,,,,
AVP1118,ASLRVRIKKQ,10,,,,,,,,,,,,,,,
AVP1119,ASLRVRIKK,9,,,,,,,,,,,,,,,
AVP1120,ASLRVRIKKQ,10,,,,,,,,,,,,,,,
AVP1121,ASLRVRIKK,9,,,,,,,,,,,,,,,
AVP1122,LRSRTKIIRIRH,12,,,,,,,,,,,,,,,
AVP1123,MPRRRRIRRRQK,12,,,,,,,,,,,,,,,
AVP1124,YADHTGLVRDNMAKLRERLKQRQQLFDSQQGWFEGWFNRSPWFTT,45,,,,,,,,,,,,,,,
AVP1125,YADHTGLVRDNMAKL,15,,,,,,,,,,,,,,,
AVP1126,GLVRDNMAKLRERLK,15,,,,,,,,,,,,,,,
AVP1127,NMAKLRERLKQRQQL,15,,,,,,,,,,,,,,,
AVP1128,RERLKQRQQLFDSQQ,15,,,,,,,,,,,,,,,
AVP1129,QRQQLFDSQQGWFEG,15,,,,,,,,,,,,,,,
AVP1130,FDSQQGWFEGWFNRS,15,,,,,,,,,,,,,,,
AVP1131,GWFEGWFNRSPWFTT,15,,,,,,,,,,,,,,,
AVP1132,KQRQQLFDSQQGWFEGWFNRSPWFT,25,,,,,,,,,,,,,,,
AVP1133,VRDNMAKLRERLKQRQQLFDSQQGWFEGWFNRSPWFT,37,,,,,,,,,,,,,,,
AVP1134,VEENMKKLEERLKKREELFKKQEEWFKKWFERSKKFT,37,,,,,,,,,,,,,,,
AVP1135,VEELMKLLEELLKKLEELFKKLEEWFKKWFELSKKFT,37,,,,,,,,,,,,,,,
AVP1136,YTSLIHSLIEESQNQQEKNEQELLELDKWASLWNWF,36,,,,,,,,,,,,,,,
AVP1137,PPLASMSPLPATDPPPLEGAHPELGVPPP,29,,,,,,,,,,,,,,,
AVP1138,PPGETPTPVSDLWPPPSYQGRPSRQGHPP,29,,,,,,,,,,,,,,,
AVP1139,PPFLSYLPAETDFPPPEARETPEPFSNPP,29,,,,,,,,,,,,,,,
AVP1140,PPEPSDLPPGNPVPPPLNYGDPTKLRSPP,29,,,,,,,,,,,,,,,
AVP1141,PPWCCCSPMKRASPPPAQSDLPATPKCPP,29,,,,,,,,,,,,,,,
AVP1142,PPGTGEEPEQAGLPPPELLVEPDYMWSPP,29,,,,,,,,,,,,,,,
AVP1143,PPPTHQSPNTTDMPPPATLSGPTGINRPP,29,,,,,,,,,,,,,,,
AVP1144,PPLRYSPPGQRVIPPPADERFLRFLVFHLNKIRIRAREIYES,42,,,,,,,,,,,,,,,
AVP1145,PPTCYVPPHSPATPPPSVRISLLRLVFTLIRSEFELERSMNRRY,44,,,,,,,,,,,,,,,
AVP1146,PPVCETGPLHPPSPPPLVRISLILVFVHLNKIRIRAREIYES,42,,,,,,,,,,,,,,,
AVP1147,PPLAVMRPGIQILPPPGTDVHPK,23,,,,,,,,,,,,,,,
AVP1148,PPSHRTTPASRSLPPLRVFVVLSFSGVHLNKIRIRAREIYES,42,,,,,,,,,,,,,,,
AVP1149,PPGKQHTPTSFTHPPPADILLPLSAMIHLNKIRIRAREIYES,42,,,,,,,,,,,,,,,
AVP1150,PPGSLGWPPNTTEPPPYLRLRLIFLFIHLNKIRIRAREIYES,42,,,,,,,,,,,,,,,
AVP1151,PPDGCNRPQQSRKPPPRCLICLMVGLIHLNKIRIRAREIYES,42,,,,,,,,,,,,,,,
AVP1152,PPDEGYPPMRMQVPPLGGRIILVRVLLHLNKIRIRAREIYES,42,,,,,,,,,,,,,,,
AVP1153,PPESNHPPWKGPYPPPTSNVNPLILLSHLNKIRIRAREIYES,42,,,,,,,,,,,,,,,
AVP1154,CTLCRVVDCCLYAIVFVMVRVVVLCVNKIRIRAREIYES,39,,,,,,,,,,,,,,,
AVP1155,CICCCMCVLYAVLWWLSVLVSLCELLIRSEFELERSMNRRY,41,,,,,,,,,,,,,,,
AVP1156,CSRCLELALCLDPAN,15,,,,,,,,,,,,,,,
AVP1157,CCGCCYIAACARNNSNCSSHLECSTC,26,,,,,,,,,,,,,,,
AVP1158,CS,2,,,,,,,,,,,,,,,
AVP1159,EELRVRLASHLRKLRKRLLRDADDLQKRLAVYEEQAQQIRLQAEAFQARLKSWFEPLVEDM,61,,,,,,,,,,,,,,,
AVP1160,CEELRVRLASHLRKLRKRLLRDADDLQKRLAVY,33,,,,,,,,,,,,,,,
AVP1161,EELRVRLASHLRKLRKRLLRDADDLQKRLAVY,32,,,,,,,,,,,,,,,
AVP1162,CEEIRARLSTHLRKMRKRLMRDADDLQKRLAVY,33,,,,,,,,,,,,,,,
AVP1163,CEEQAQQIRLQAEAFQARLKSWFEPLVEDM,30,,,,,,,,,,,,,,,
AVP1164,CVRLASHLRKLRKRLLRDADDL,22,,,,,,,,,,,,,,,
AVP1165,CIRLQAEAFQARLKSWFEPLV,21,,,,,,,,,,,,,,,
AVP1166,VRLASHLRKLRKRLLRDADDLIRLQAEAFQARLKSWFEPLV,41,,,,,,,,,,,,,,,
AVP1167,LRVRLASHLRKLRKRLLRDADDLQKRLAVY,30,,,,,,,,,,,,,,,
AVP1168,EELRVRLASHLRKLRKRLLRDADDL,25,,,,,,,,,,,,,,,
AVP1169,VRLASHLRKLRKRLLRDADDLQKRLAVY,28,,,,,,,,,,,,,,,
AVP1170,CVRLASHLRKLRKRLLRDADDLQKRLAVY,29,,,,,,,,,,,,,,,
AVP1171,CLRVRLASHLRKLRKRLLRDADDL,24,,,,,,,,,,,,,,,
AVP1172,CLRKLRKRLLRC,12,,,,,,,,,,,,,,,
AVP1173,MANAGLQLLGFILAFLGW,18,,,,,,,,,,,,,,,
AVP1174,GLQLLGFILAFLGWIGAI,18,,,,,,,,,,,,,,,
AVP1175,LLGFILAFLGWIGAIVST,18,,,,,,,,,,,,,,,
AVP1176,FILAFLGWIGAIVSTALP,18,,,,,,,,,,,,,,,
AVP1177,AFLGWIGAIVSTALPQWR,18,,,,,,,,,,,,,,,
AVP1178,GWIGAIVSTALPQWRIYS,18,,,,,,,,,,,,,,,
AVP1179,GAIVSTALPQWRIYSYAG,18,,,,,,,,,,,,,,,
AVP1180,VSTALPQWRIYSYAGDNI,18,,,,,,,,,,,,,,,
AVP1181,ALPQWRIYSYAGDNIVTA,18,,,,,,,,,,,,,,,
AVP1182,MANAGLQLLGFILA,14,,,,,,,,,,,,,,,
AVP1183,MANAGLQLLGFILAFL,16,,,,,,,,,,,,,,,
AVP1184,MANAGLQLLGFILAFLGWIG,20,,,,,,,,,,,,,,,
AVP1185,MANAGLQLLGFILAFLGWIGAI,22,,,,,,,,,,,,,,,
AVP1186,MANAGLQLLGFILAFLGWIGAIVS,24,,,,,,,,,,,,,,,
AVP1188,AGALMFAWLLLGLQGIFN,18,,,,,,,,,,,,,,,
AVP1189,MASAGMQILGVVLTLLGW,18,,,,,,,,,,,,,,,
AVP1190,MANSGLQLLGFSMALLGW,18,,,,,,,,,,,,,,,
AVP1191,MASTGLELLGMTLAVLGW,18,,,,,,,,,,,,,,,
AVP1192,ATSSANSKA,9,,,,,,,,,,,,,,,
AVP1193,GMCTEKFY,8,,,,,,,,,,,,,,,
AVP1194,SKHSSLDCVLRP,12,,,,,,,,,,,,,,,
AVP1195,AGDDQGLDKCVPNSKEK,18,,,,,,,,,,,,,,,
AVP1196,NGESSADWAKN,11,,,,,,,,,,,,,,,
AVP1197,VCYFMVFLQYGRKKRRQRR,20,,,,,,,,,,,,,,,
AVP1199,CGYKLC,6,,,,,,,,,,,,,,,
AVP1200,CGYGLC,7,,,,,,,,,,,,,,,
AVP1201,CGYGLC,6,,,,,,,,,,,,,,,
AVP1202,CGYKGC,6,,,,,,,,,,,,,,,
AVP1203,CGYKRC,6,,,,,,,,,,,,,,,
AVP1204,CGKRRC,6,,,,,,,,,,,,,,,
AVP1205,CGKRKLC,7,,,,,,,,,,,,,,,
AVP1206,CGKRKSC,9,,,,,,,,,,,,,,,
AVP1207,AGKRKSG,8,,,,,,,,,,,,,,,
AVP1208,CAGKRKSG,12,,,,,,,,,,,,,,,
AVP1210,ASLRVRIKK,9,,,,,,,,,,,,,,,
AVP1211,GELGRLVYLLDGPGYDPIHCSLAYGDASTLVVF,33,,,,,,,,,,,,,,,
AVP1212,GELGRLVYLLDGPGYDPI,18,,,,,,,,,,,,,,,
AVP1213,HCSLAYGDASTLVVF,15,,,,,,,,,,,,,,,
AVP1214,GELGRPVYVLGDPGYYATHCIYATTNDALIFSV,33,,,,,,,,,,,,,,,
AVP1215,GELGRPVYVLGDPGYYAT,18,,,,,,,,,,,,,,,
AVP1216,HCIYATTNDALIFSV,15,,,,,,,,,,,,,,,
AVP1217,GELGRIPSDTYDLAVGALHCPFYLVSGLVYLDG,33,,,,,,,,,,,,,,,
AVP1218,GELGRLVYLLDGPGYDPIHCDVVTRGGSHLFNF,33,,,,,,,,,,,,,,,
AVP1219,GELDELVYLLDGPGYDPIHCDVVTRGGSRLFNF,33,,,,,,,,,,,,,,,
AVP1220,GELGRLVYLLDGPGYDPIHCD,21,,,,,,,,,,,,,,,
AVP1221,GELDELVYLLDGPGYDPIHS,20,,,,,,,,,,,,,,,
AVP1222,RQIKINFQNRRMKNKKGELDELVYLLDGPGYDPIHS,36,,,,,,,,,,,,,,,
AVP1223,LLDCWVRLGRYLLRRLKT,18,,,,,,,,,,,,,,,
AVP1224,LLDCWVRLGRYLLRRLKTPFTRL,23,,,,,,,,,,,,,,,
AVP1225,LLDCWVRLGRYLLRRLKTPFT,21,,,,,,,,,,,,,,,
AVP1226,LLDCWVRLGRYLLRRLKTP,19,,,,,,,,,,,,,,,
AVP1227,LLDCWVRLGRYLLRRLK,17,,,,,,,,,,,,,,,
AVP1228,LDCWVRLGRYLLRRLKTPFTRL,22,,,,,,,,,,,,,,,
AVP1229,CWVRLGRYLLRRLKTPFTRL,20,,,,,,,,,,,,,,,
AVP1230,LDCWVRLGRYLLRRLKTP,18,,,,,,,,,,,,,,,
AVP1231,DCWVRLGRYLLRRLKTPF,18,,,,,,,,,,,,,,,
AVP1232,CWVRLGRYLLRRLKTPFT,18,,,,,,,,,,,,,,,
AVP1233,WVRLGRYLLRRLKTPFTR,18,,,,,,,,,,,,,,,
AVP1234,VRLGRYLLRRLKTPFTRL,18,,,,,,,,,,,,,,,
AVP1235,MAILGDTAWDFGSLGGVFTSIGKALHQVFGAIY,33,,,,,,,,,,,,,,,
AVP1236,ESGRIKKEEFAEIMKICSTIEELRRQK,27,,,,,,,,,,,,,,,
AVP1237,KYKETDL,7,,,,,,,,,,,,,,,
AVP1238,GIGKFLHSAKKFGKAFVGEIMNS,23,,,,,,,,,,,,,,,
AVP1239,ALWMTLLKKVLKAAAKALNAVLVGANA,27,,,,,,,,,,,,,,,
AVP1240,GIGAVLKVLTTGLPALISWIKRKRQQ,26,,,,,,,,,,,,,,,
AVP1241,DHYNCVSSGGQCLYSACPIFTKIQGTCYRGKAKCCK,36,,,,,,,,,,,,,,,
AVP1242,FKCRRWQWRMKKLGAPSITCVRRAF,25,,,,,,,,,,,,,,,
AVP1243,KWCFRVCYRGICYRRCR,17,,,,,,,,,,,,,,,
AVP1244,GCASRCKAKCAGRRCKGWASAFRGRCYCKCFRC,33,,,,,,,,,,,,,,,
AVP1245,LLGDFFRKSKEKIGKEFKRIVQRIKDFLRNLVPRTES,37,,,,,,,,,,,,,,,
AVP1246,FLPVLAGIAAKVVPALFCKITKKC,24,,,,,,,,,,,,,,,
AVP1247,ILPWKWPWWPWRR,13,,,,,,,,,,,,,,,
AVP1248,KWKLFKKIEKVGQNIRDGIIKAGPAVAVVGQATQIAK,37,,,,,,,,,,,,,,,
AVP1249,QVYKGGYTRPIPRPPPFVRPLPGGPIGPYNGCPVSSCRGISFSQARSCCSRLGRCCHVGKGYS,63,,,,,,,,,,,,,,,
AVP1250,HGLASTLTRWAHYNALIRAF,20,,,,,,,,,,,,,,,
AVP1251,YPYYPGEARGAP,12,,,,,,,,,,,,,,,
AVP1252,GWVKPAKLDG,10,,,,,,,,,,,,,,,
AVP1253,PWLKPGDLDL,10,,,,,,,,,,,,,,,
AVP1254,IGVRPGKLDL,10,,,,,,,,,,,,,,,
AVP1255,AGVKDGKLDF,10,,,,,,,,,,,,,,,
AVP1256,YTPNITLNNSVALDPIDISIELNKAKSDLEESKE,34,,,,,,,,,,,,,,,
AVP1257,TPNITLNNSVALDPIDISIELNKAKSDLEESKEW,34,,,,,,,,,,,,,,,
AVP1258,PNITLNNSVALDPIDISIELNKAKSDLEESKEWI,34,,,,,,,,,,,,,,,
AVP1259,NITLNNSVALDPIDISIELNKAKSDLEESKEWIR,34,,,,,,,,,,,,,,,
AVP1260,ITLNNSVALDPIDISIELNKAKSDLEESKEWIRR,34,,,,,,,,,,,,,,,
AVP1261,TLNNSVALDPIDISIELNKAKSDLEESKEWIRRS,34,,,,,,,,,,,,,,,
AVP1262,LNNSVALDPIDISIELNKAKSDLEESKEWIRRSN,34,,,,,,,,,,,,,,,
AVP1263,NNSVALDPIDISIELNKAKSDLEESKEWIRRSNQ,34,,,,,,,,,,,,,,,
AVP1264,NSVALDPIDISIELNKAKSDLEESKEWIRRSNQK,34,,,,,,,,,,,,,,,
AVP1265,SVALDPIDISIELNKAKSDLEESKEWIRRSNQKL,34,,,,,,,,,,,,,,,
AVP1266,VALDPIDISIELNKAKSDLEESKEWIRRSNQKLD,34,,,,,,,,,,,,,,,
AVP1267,ALDPIDISIELNKAKSDLEESKEWIRRSNQKLDS,34,,,,,,,,,,,,,,,
AVP1268,LDPIDISIELNKAKSDLEESKEWIRRSNQKLDSI,34,,,,,,,,,,,,,,,
AVP1269,DPIDISIELNKAKSDLEESKEWIRRSNQKLDSIG,34,,,,,,,,,,,,,,,
AVP1270,PIDISIELNKAKSDLEESKEWIRRSNQKLDSIGN,34,,,,,,,,,,,,,,,
AVP1271,IDISIELNKAKSDLEESKEWIRRSNQKLDSIGNW,34,,,,,,,,,,,,,,,
AVP1272,DISIELNKAKSDLEESKEWIRRSNQKLDSIGNWH,34,,,,,,,,,,,,,,,
AVP1273,ISIELNKAKSDLEESKEWIRRSNQKLDSIGNWHQ,34,,,,,,,,,,,,,,,
AVP1274,SIELNKAKSDLEESKEWIRRSNQKLDSIGNWHQS,34,,,,,,,,,,,,,,,
AVP1275,IELNKAKSDLEESKEWIRRSNQKLDSIGNWHQSS,34,,,,,,,,,,,,,,,
AVP1276,ELNKAKSDLEESKEWIRRSNQKLDSIGNWHQSST,34,,,,,,,,,,,,,,,
AVP1277,LNKAKSDLEESKEWIRRSNQKLDSIGNWHQSSTT,34,,,,,,,,,,,,,,,
AVP1278,ALGVATSAQITAAVALVEAKQARSDIEKLKEAIRD,35,,,,,,,,,,,,,,,
AVP1279,LGVATSAQITAAVALVEAKQARSDIEKLKEAIRDT,35,,,,,,,,,,,,,,,
AVP1280,GVATSAQITAAVALVEAKQARSDIEKLKEAIRDTN,35,,,,,,,,,,,,,,,
AVP1281,VATSAQITAAVALVEAKQARSDIEKLKEAIRDTNK,35,,,,,,,,,,,,,,,
AVP1282,ATSAQITAAVALVEAKQARSDIEKLKEAIRDTNKA,35,,,,,,,,,,,,,,,
AVP1283,TSAQITAAVALVEAKQARSDIEKLKEAIRDTNKAV,35,,,,,,,,,,,,,,,
AVP1284,SAQITAAVALVEAKQARSDIEKLKEAIRDTNKAVQ,35,,,,,,,,,,,,,,,
AVP1285,AQITAAVALVEAKQARSDIEKLKEAIRDTNKAVQS,35,,,,,,,,,,,,,,,
AVP1286,QITAAVALVEAKQARSDIEKLKEAIRDTNKAVQSV,35,,,,,,,,,,,,,,,
AVP1287,ITAAVALVEAKQARSDIEKLKEAIRDTNKAVQSVQ,35,,,,,,,,,,,,,,,
AVP1288,TAAVALVEAKQARSDIEKLKEAIRDTNKAVQSVQS,35,,,,,,,,,,,,,,,
AVP1289,AAVALVEAKQARSDIEKLKEAIRDTNKAVQSVQSS,35,,,,,,,,,,,,,,,
AVP1290,AVALVEAKQARSDIEKLKEAIRDTNKAVQSVQSSI,35,,,,,,,,,,,,,,,
AVP1291,VALVEAKQARSDIEKLKEAIRDTNKAVQSVQSSIG,35,,,,,,,,,,,,,,,
AVP1292,ALVEAKQARSDIEKLKEAIRDTNKAVQSVQSSIGN,35,,,,,,,,,,,,,,,
AVP1293,LVEAKQARSDIEKLKEAIRDTNKAVQSVQSSIGNL,35,,,,,,,,,,,,,,,
AVP1294,VEAKQARSDIEKLKEAIRDTNKAVQSVQSSIGNLI,35,,,,,,,,,,,,,,,
AVP1295,EAKQARSDIEKLKEAIRDTNKAVQSVQSSIGNLIV,35,,,,,,,,,,,,,,,
AVP1296,KQARSDIEKLKEAIRDTNKAVQSVQSSIGNLIVAI,35,,,,,,,,,,,,,,,
AVP1297,QARSDIEKLKEAIRDTNKAVQSVQSSIGNLIVAIK,35,,,,,,,,,,,,,,,
AVP1298,ARSDIEKLKEAIRDTNKAVQSVQSSIGNLIVAIKS,35,,,,,,,,,,,,,,,
AVP1299,RSDIEKLKEAIRDTNKAVQSVQSSIGNLIVAIKSV,35,,,,,,,,,,,,,,,
AVP1300,SDIEKLKEAIRDTNKAVQSVQSSIGNLIVAIKSVQ,35,,,,,,,,,,,,,,,
AVP1301,DIEKLKEAIRDTNKAVQSVQSSIGNLIVAIKSVQD,35,,,,,,,,,,,,,,,
AVP1302,IEKLKEAIRDTNKAVQSVQSSIGNLIVAIKSVQDY,35,,,,,,,,,,,,,,,
AVP1303,EKLKEAIRDTNKAVQSVQSSIGNLIVAIKSVQDYV,35,,,,,,,,,,,,,,,
AVP1304,KLKEAIRDTNKAVQSVQSSIGNLIVAIKSVQDYVN,35,,,,,,,,,,,,,,,
AVP1305,LKEAIRDTNKAVQSVQSSIGNLIVAIKSVQDYVNK,35,,,,,,,,,,,,,,,
AVP1306,KEAIRDTNKAVQSVQSSIGNLIVAIKSVQDYVNKE,35,,,,,,,,,,,,,,,
AVP1307,EAIRDTNKAVQSVQSSIGNLIVAIKSVQDYVNKEI,35,,,,,,,,,,,,,,,
AVP1308,AIRDTNKAVQSVQSSIGNLIVAIKSVQDYVNKEIV,35,,,,,,,,,,,,,,,
AVP1309,IRDTNKAVQSVQSSIGNLIVAIKSVQDYVNKEIVP,35,,,,,,,,,,,,,,,
AVP1310,YTSVITIELSNIKENKCNGTDAKVKLIKQELDKYK,35,,,,,,,,,,,,,,,
AVP1311,TSVITIELSNIKENKCNGTDAKVKLIKQELDKYKN,35,,,,,,,,,,,,,,,
AVP1312,SVITIELSNIKENKCNGTDAKVKLIKQELDKYKNA,35,,,,,,,,,,,,,,,
AVP1313,VITIELSNIKENKCNGTDAKVKLIKQELDKYKNAV,35,,,,,,,,,,,,,,,
AVP1314,ITIELSNIKENKCNGTDAKVKLIKQELDKYKNAVT,35,,,,,,,,,,,,,,,
AVP1315,TIELSNIKENKCNGTDAKVKLIKQELDKYKNAVTE,35,,,,,,,,,,,,,,,
AVP1316,IELSNIKENKCNGTDAKVKLIKQELDKYKNAVTEL,35,,,,,,,,,,,,,,,
AVP1317,ELSNIKENKCNGTDAKVKLIKQELDKYKNAVTELQ,35,,,,,,,,,,,,,,,
AVP1318,LSNIKENKCNGTDAKVKLIKQELDKYKNAVTELQL,35,,,,,,,,,,,,,,,
AVP1319,SNIKENKCNGTDAKVKLIKQELDKYKNAVTELQLL,35,,,,,,,,,,,,,,,
AVP1320,NIKENKCNGTDAKVKLIKQELDKYKNAVTELQLLM,35,,,,,,,,,,,,,,,
AVP1321,IKENKCNGTDAKVKLIKQELDKYKNAVTELQLLMQ,35,,,,,,,,,,,,,,,
AVP1322,KENKCNGTDAKVKLIKQELDKYKNAVTELQLLMQS,35,,,,,,,,,,,,,,,
AVP1323,ENKCNGTDAKVKLIKQELDKYKNAVTELQLLMQST,35,,,,,,,,,,,,,,,
AVP1324,IINFYDPLVFPSDEFDASISQVNEKINQSLAFIRK,35,,,,,,,,,,,,,,,
AVP1325,INFYDPLVFPSDEFDASISQVNEKINQSLAFIRKS,35,,,,,,,,,,,,,,,
AVP1326,NFYDPLVFPSDEFDASISQVNEKINQSLAFIRKSD,35,,,,,,,,,,,,,,,
AVP1327,FYDPLVFPSDEFDASISQVNEKINQSLAFIRKSDE,35,,,,,,,,,,,,,,,
AVP1328,YDPLVFPSDEFDASISQVNEKINQSLAFIRKSDEL,35,,,,,,,,,,,,,,,
AVP1329,DPLVFPSDEFDASISQVNEKINQSLAFIRKSDELL,35,,,,,,,,,,,,,,,
AVP1330,PLVFPSDEFDASISQVNEKINQSLAFIRKSDELLH,35,,,,,,,,,,,,,,,
AVP1331,LVFPSDEFDASISQVNEKINQSLAFIRKSDELLHN,35,,,,,,,,,,,,,,,
AVP1332,VFPSDEFDASISQVNEKINQSLAFIRKSDELLHNV,35,,,,,,,,,,,,,,,
AVP1333,FPSDEFDASISQVNEKINQSLAFIRKSDELLHNVN,35,,,,,,,,,,,,,,,
AVP1334,PSDEFDASISQVNEKINQSLAFIRKSDELLHNVNA,35,,,,,,,,,,,,,,,
AVP1335,SDEFDASISQVNEKINQSLAFIRKSDELLHNVNAG,35,,,,,,,,,,,,,,,
AVP1336,DEFDASISQVNEKINQSLAFIRKSDELLHNVNAGK,35,,,,,,,,,,,,,,,
AVP1337,EFDASISQVNEKINQSLAFIRKSDELLHNVNAGKS,35,,,,,,,,,,,,,,,
AVP1338,FDASISQVNEKINQSLAFIRKSDELLHNVNAGKSI,35,,,,,,,,,,,,,,,
AVP1339,DASISQVNEKINQSLAFIRKSDELLHNVNAGKSIT,35,,,,,,,,,,,,,,,
AVP1340,ADGALLGRMKGA,12,,,,,,,,,,,,,,,
AVP1341,ADGALLGRMKPA,12,,,,,,,,,,,,,,,
AVP1342,ADGSLLGRMKPA,12,,,,,,,,,,,,,,,
AVP1343,ADGALLGRMKRA,12,,,,,,,,,,,,,,,
AVP1344,ADGTLLGRMKLA,12,,,,,,,,,,,,,,,
AVP1345,ADGSLLGRMKGA,12,,,,,,,,,,,,,,,
AVP1346,ADRSLLGRMKGA,12,,,,,,,,,,,,,,,
AVP1347,ADGSRSSLLGRMKGA,15,,,,,,,,,,,,,,,
AVP1348,ADGAHSSLLGRMKGA,15,,,,,,,,,,,,,,,
AVP1349,ADGHRSSLLGRMKGA,15,,,,,,,,,,,,,,,
AVP1350,ADGPRSSLLGRMKGA,15,,,,,,,,,,,,,,,
AVP1351,ADGAHRSLLGRMKGA,15,,,,,,,,,,,,,,,
AVP1352,ADGYQRSLLGRMKGA,15,,,,,,,,,,,,,,,
AVP1353,ADGTQRSLLGRMKGA,15,,,,,,,,,,,,,,,
AVP1354,ADGMHRSLLGRMKGA,15,,,,,,,,,,,,,,,
AVP1355,ALLGRMKG,8,,,,,,,,,,,,,,,
AVP1356,LLGRMKG,7,,,,,,,,,,,,,,,
AVP1357,LGRMKG,6,,,,,,,,,,,,,,,
AVP1358,GRMKG,5,,,,,,,,,,,,,,,
AVP1359,LLGRM,5,,,,,,,,,,,,,,,
AVP1360,CLLGRMKC,8,,,,,,,,,,,,,,,
AVP1361,ALLPRMKG,8,,,,,,,,,,,,,,,
AVP1362,SLLGRMKG,8,,,,,,,,,,,,,,,
AVP1363,SLLGRMK,7,,,,,,,,,,,,,,,
AVP1364,SLLGRMKGA,9,,,,,,,,,,,,,,,
AVP1365,GSLLGRMKGA,10,,,,,,,,,,,,,,,
AVP1366,DGSLLGRMKGAA,12,,,,,,,,,,,,,,,
AVP1367,ADGSLLGRMKGAAG,15,,,,,,,,,,,,,,,
AVP1368,SLLGRMKG,10,,,,,,,,,,,,,,,
AVP1369,RSLLGRMKGA,10,,,,,,,,,,,,,,,
AVP1370,HRSLLGRMKGA,11,,,,,,,,,,,,,,,
AVP1371,MHRSLLGRMKGA,12,,,,,,,,,,,,,,,
AVP1372,TLNNSVALDPIDISIELNKAKSDLEESKEWIRRSN,35,,,,,,,,,,,,,,,
AVP1373,LNNSVALDPIDISIELNKAKSDLEESKEWIRRSNQ,35,,,,,,,,,,,,,,,
AVP1374,NNSVALDPIDISIELNKAKSDLEESKEWIRRSNQK,35,,,,,,,,,,,,,,,
AVP1375,NSVALDPIDISIELNKAKSDLEESKEWIRRSNQKL,35,,,,,,,,,,,,,,,
AVP1376,SVALDPIDISIELNKAKSDLEESKEWIRRSNQKLD,35,,,,,,,,,,,,,,,
AVP1377,VALDPIDISIELNKAKSDLEESKEWIRRSNQKLDS,35,,,,,,,,,,,,,,,
AVP1378,ALDPIDISIELNKAKSDLEESKEWIRRSNQKLDSI,35,,,,,,,,,,,,,,,
AVP1379,LDPIDISIELNKAKSDLEESKEWIRRSNQKLDSIG,35,,,,,,,,,,,,,,,
AVP1380,DPIDISIELNKAKSDLEESKEWIRRSNQKLDSIGN,35,,,,,,,,,,,,,,,
AVP1381,PIDISIELNKAKSDLEESKEWIRRSNQKLDSIGNW,35,,,,,,,,,,,,,,,
AVP1382,IDISIELNKAKSDLEESKEWIRRSNQKLDSIGNWH,35,,,,,,,,,,,,,,,
AVP1383,DISIELNKAKSDLEESKEWIRRSNQKLDSIGNWHQ,35,,,,,,,,,,,,,,,
AVP1384,ISIELNKAKSDLEESKEWIRRSNQKLDSIGNWHQS,35,,,,,,,,,,,,,,,
AVP1385,SIELNKAKSDLEESKEWIRRSNQKLDSIGNWHQSS,35,,,,,,,,,,,,,,,
AVP1386,IELNKAKSDLEESKEWIRRSNQKLDSIGNWHQSST,35,,,,,,,,,,,,,,,
AVP1387,ELNKAKSDLEESKEWIRRSNQKLDSIGNWHQSSTT,35,,,,,,,,,,,,,,,
AVP1388,TAAVALVEAKQARSDIEKLKEAIRDTNKAVQSVQS,35,,,,,,,,,,,,,,,
AVP1389,AVALVEAKQARSDIEKLKEAIRDTNKAVQSVQSSI,35,,,,,,,,,,,,,,,
AVP1390,LVEAKQARSDIEKLKEAIRDTNKAVQSVQSSIGNL,35,,,,,,,,,,,,,,,
AVP1391,VEAKQARSDIEKLKEAIRDTNKAVQSVQSSIGNLI,35,,,,,,,,,,,,,,,
AVP1392,EAKQARSDIEKLKEAIRDTNKAVQSVQSSIGNLIV,35,,,,,,,,,,,,,,,
AVP1393,AKQARSDIEKLKEAIRDTNKAVQSVQSSIGNLIVA,35,,,,,,,,,,,,,,,
AVP1394,KQARSDIEKLKEAIRDTNKAVQSVQSSIGNLIVAI,35,,,,,,,,,,,,,,,
AVP1395,QARSDIEKLKEAIRDTNKAVQSVQSSIGNLIVAIK,35,,,,,,,,,,,,,,,
AVP1396,ARSDIEKLKEAIRDTNKAVQSVQSSIGNLIVAIKS,35,,,,,,,,,,,,,,,
AVP1397,RSDIEKLKEAIRDTNKAVQSVQSSIGNLIVAIKSV,35,,,,,,,,,,,,,,,
AVP1398,SDIEKLKEAIRDTNKAVQSVQSSIGNLIVAIKSVQ,35,,,,,,,,,,,,,,,
AVP1399,KLKEAIRDTNKAVQSVQSSIGNLIVAIKSVQDYVN,35,,,,,,,,,,,,,,,
AVP1400,LKEAIRDTNKAVQSVQSSIGNLIVAIKSVQDYVNK,35,,,,,,,,,,,,,,,
AVP1401,AIRDTNKAVQSVQSSIGNLIVAIKSVQDYVNKEIV,35,,,,,,,,,,,,,,,
AVP1402,LHRIDLGPPISLERLDVGTNLGNAIAKLEAKELL,34,,,,,,,,,,,,,,,
AVP1403,HRIDLGPPISLERLDVGTNLGNAIAKLEAKELLE,34,,,,,,,,,,,,,,,
AVP1404,RIDLGPPISLERLDVGTNLGNAIAKLEAKELLES,34,,,,,,,,,,,,,,,
AVP1405,IDLGPPISLERLDVGTNLGNAIAKLEAKELLESS,34,,,,,,,,,,,,,,,
AVP1406,DLGPPISLERLDVGTNLGNAIAKLEAKELLESSD,34,,,,,,,,,,,,,,,
AVP1407,LGPPISLERLDVGTNLGNAIAKLEAKELLESSDQ,34,,,,,,,,,,,,,,,
AVP1408,GPPISLERLDVGTNLGNAIAKLEAKELLESSDQI,34,,,,,,,,,,,,,,,
AVP1409,PPISLERLDVGTNLGNAIAKLEAKELLESSDQIL,34,,,,,,,,,,,,,,,
AVP1410,PISLERLDVGTNLGNAIAKLEAKELLESSDQILR,34,,,,,,,,,,,,,,,
AVP1411,SLERLDVGTNLGNAIAKLEAKELLESSDQILRSM,34,,,,,,,,,,,,,,,
AVP1412,LERLDVGTNLGNAIAKLEAKELLESSDQILRSMK,34,,,,,,,,,,,,,,,
AVP1413,VAVSKVLHLEGEVNKIALLSTNKAVVSLSNGVS,33,,,,,,,,,,,,,,,
AVP1414,AVSKVLHLEGEVNKIALLSTNKAVVSLSNGVSV,33,,,,,,,,,,,,,,,
AVP1415,VSKVLHLEGEVNKIALLSTNKAVVSLSNGVSVL,33,,,,,,,,,,,,,,,
AVP1416,SKVLHLEGEVNKIALLSTNKAVVSLSNGVSVLT,33,,,,,,,,,,,,,,,
AVP1417,KVLHLEGEVNKIALLSTNKAVVSLSNGVSVLTS,33,,,,,,,,,,,,,,,
AVP1418,LEGEVNKIALLSTNKAVVSLSNGVSVLTSKVLD,33,,,,,,,,,,,,,,,
AVP1419,GEVNKIALLSTNKAVVSLSNGVSVLTSKVLDLK,33,,,,,,,,,,,,,,,
AVP1420,EVNKIALLSTNKAVVSLSNGVSVLTSKVLDLKN,33,,,,,,,,,,,,,,,
AVP1421,VNKIALLSTNKAVVSLSNGVSVLTSKVLDLKNY,33,,,,,,,,,,,,,,,
AVP1422,NKIALLSTNKAVVSLSNGVSVLTSKVLDLKNYI,33,,,,,,,,,,,,,,,
AVP1423,KIALLSTNKAVVSLSNGVSVLTSKVLDLKNYID,33,,,,,,,,,,,,,,,
AVP1424,IALLSTNKAVVSLSNGVSVLTSKVLDLKNYIDK,33,,,,,,,,,,,,,,,
AVP1425,ALLSTNKAVVSLSNGVSVLTSKVLDLKNYIDKQ,33,,,,,,,,,,,,,,,
AVP1426,VAVSKVLHLEGEVNKIALLSTNKAVVSLSNGVS,33,,,,,,,,,,,,,,,
AVP1427,AVSKVLHLEGEVNKIALLSTNKAVVSLSNGVSV,33,,,,,,,,,,,,,,,
AVP1428,VSKVLHLEGEVNKIALLSTNKAVVSLSNGVSVL,33,,,,,,,,,,,,,,,
AVP1429,SKVLHLEGEVNKIALLSTNKAVVSLSNGVSVLT,33,,,,,,,,,,,,,,,
AVP1430,KVLHLEGEVNKIALLSTNKAVVSLSNGVSVLTS,33,,,,,,,,,,,,,,,
AVP1431,LEGEVNKIALLSTNKAVVSLSNGVSVLTSKVLD,33,,,,,,,,,,,,,,,
AVP1432,GEVNKIALLSTNKAVVSLSNGVSVLTSKVLDLK,33,,,,,,,,,,,,,,,
AVP1433,EVNKIALLSTNKAVVSLSNGVSVLTSKVLDLKN,33,,,,,,,,,,,,,,,
AVP1434,VNKIALLSTNKAVVSLSNGVSVLTSKVLDLKNY,33,,,,,,,,,,,,,,,
AVP1435,NKIALLSTNKAVVSLSNGVSVLTSKVLDLKNYI,33,,,,,,,,,,,,,,,
AVP1436,KIALLSTNKAVVSLSNGVSVLTSKVLDLKNYID,33,,,,,,,,,,,,,,,
AVP1437,IALLSTNKAVVSLSNGVSVLTSKVLDLKNYIDK,33,,,,,,,,,,,,,,,
AVP1438,ALLSTNKAVVSLSNGVSVLTSKVLDLKNYIDKQ,33,,,,,,,,,,,,,,,
AVP1439,WQEWERKVDFLEENITALLEEAQIQQEKNMYELQK,35,,,,,,,,,,,,,,,
AVP1440,QEWERKVDFLEENITALLEEAQIQQEKNMYELQKL,35,,,,,,,,,,,,,,,
AVP1441,EWERKVDFLEENITALLEEAQIQQEKNMYELQKLN,35,,,,,,,,,,,,,,,
AVP1442,WERKVDFLEENITALLEEAQIQQEKNMYELQKLNS,35,,,,,,,,,,,,,,,
AVP1443,ERKVDFLEENITALLEEAQIQQEKNMYELQKLNSW,35,,,,,,,,,,,,,,,
AVP1444,RKVDFLEENITALLEEAQIQQEKNMYELQKLNSWD,35,,,,,,,,,,,,,,,
AVP1445,KVDFLEENITALLEEAQIQQEKNMYELQKLNSWDV,35,,,,,,,,,,,,,,,
AVP1446,VDFLEENITALLEEAQIQQEKNMYELQKLNSWDVF,35,,,,,,,,,,,,,,,
AVP1447,DFLEENITALLEEAQIQQEKNMYELQKLNSWDVFG,35,,,,,,,,,,,,,,,
AVP1448,FLEENITALLEEAQIQQEKNMYELQKLNSWDVFGN,35,,,,,,,,,,,,,,,
AVP1449,SCLTVPASAYQVRNSSGL,18,,,,,,,,,,,,,,,
AVP1450,SAYQVRNSSGLYHVTNDC,18,,,,,,,,,,,,,,,
AVP1451,SSGLYHVTNDCPNSSIVY,18,,,,,,,,,,,,,,,
AVP1452,TNDCPNSSVVYEAADAIL,18,,,,,,,,,,,,,,,
AVP1453,SIVYEAADAILHTPGCVP,18,,,,,,,,,,,,,,,
AVP1454,DAILHTPGCVPCVREGNA,18,,,,,,,,,,,,,,,
AVP1455,GCVPCVREGNASRCWVAV,18,,,,,,,,,,,,,,,
AVP1456,WVAVTPTVATRDGKLPTT,18,,,,,,,,,,,,,,,
AVP1457,WVAVTPTVATRDGKLPTT,18,,,,,,,,,,,,,,,
AVP1458,VATRDGKLPTTQLRRHID,18,,,,,,,,,,,,,,,
AVP1459,LPTTQLRRHIDLLVGSAT,18,,,,,,,,,,,,,,,
AVP1460,RHIDLLVGSATLCSALYV,18,,,,,,,,,,,,,,,
AVP1461,GSATLCSALYVGDLCGSV,18,,,,,,,,,,,,,,,
AVP1462,ALYVGDLCGSVFLVGQLF,18,,,,,,,,,,,,,,,
AVP1463,CGSVFLVGQLFTFSPRHH,18,,,,,,,,,,,,,,,
AVP1464,GQLFTFSPRHHWTTQDCN,18,,,,,,,,,,,,,,,
AVP1465,PRHHWTTQDCNCSIYPGH,18,,,,,,,,,,,,,,,
AVP1466,QDCNCSIYPGHITGHRMA,18,,,,,,,,,,,,,,,
AVP1467,YPGHITGHRMANMMMNW,17,,,,,,,,,,,,,,,
AVP1468,HRMANMMMNWSPTAALV,17,,,,,,,,,,,,,,,
AVP1469,MMNWSPTAALVVAQLLRI,18,,,,,,,,,,,,,,,
AVP1470,AALVVAQLLRIPQAIMDM,18,,,,,,,,,,,,,,,
AVP1471,LLRIPQAIMDMIAGAHWG,18,,,,,,,,,,,,,,,
AVP1472,IMDMIAGAHWGVLAGIKY,18,,,,,,,,,,,,,,,
AVP1473,AHWGVLAGIKYFSMVGNW,18,,,,,,,,,,,,,,,
AVP1474,GIKYFSMVGNWAKVLVVL,18,,,,,,,,,,,,,,,
AVP1475,VGNWAKVLVVLLLFAGVD,18,,,,,,,,,,,,,,,
AVP1476,LVVLLLFAGVDAETHVTG,18,,,,,,,,,,,,,,,
AVP1477,FKLPLGINITNFRAILTAFS,20,,,,,,,,,,,,,,,
AVP1478,PTTFMLKYDENGTITDAVDC,20,,,,,,,,,,,,,,,
AVP1479,VLYNSTFFSTFKCYGVSATK,20,,,,,,,,,,,,,,,
AVP1480,PALNCYWPLNDYGFYTTSGI,20,,,,,,,,,,,,,,,
AVP1481,RDVSDFTDSVRDPKTSEILD,20,,,,,,,,,,,,,,,
AVP1482,YQDVNCTDVSTAIHADQLTP,20,,,,,,,,,,,,,,,
AVP1483,SNNTIAIPTNFSISITTEVM,20,,,,,,,,,,,,,,,
AVP1484,QYGSFCTQLNRALSGIAAEQ,20,,,,,,,,,,,,,,,
AVP1485,GIGVTQNVLYENQKQIANQF,20,,,,,,,,,,,,,,,
AVP1486,IQKEIDRLNEVAKNLNESLI,20,,,,,,,,,,,,,,,
AVP1487,IPESSELTLQELLGEERR,18,,,,,,,,,,,,,,,
AVP1488,KKFACPECPKRFMRSDHLSKHIKTHQNKK,29,,,,,,,,,,,,,,,
AVP1489,YKFACPECPKRFMRSDHLTLHILLHENKK,29,,,,,,,,,,,,,,,
AVP1490,YKFACPECPKRFMRSDHLSKHITLHELLGEERR,33,,,,,,,,,,,,,,,
AVP1491,NLYIQWLKDGGPSSGRPPPS,20,,,,,,,,,,,,,,,
AVP1492,ALQELLGQWLKDGGPSSGRPPPS,23,,,,,,,,,,,,,,,
AVP1493,ALQELLGEYIQWLKDGGPSSGRPPPS,26,,,,,,,,,,,,,,,
AVP1494,YLQELLGE,8,,,,,,,,,,,,,,,
AVP1495,TFWWHPNYYVDW,12,,,,,,,,,,,,,,,
AVP1496,TLWPWAWRHNWQ,12,,,,,,,,,,,,,,,
AVP1497,TWFNPFGYYSWA,12,,,,,,,,,,,,,,,
AVP1498,TWFWPYPYPHLP,12,,,,,,,,,,,,,,,
AVP1499,TWWTGTYPWYPR,12,,,,,,,,,,,,,,,
AVP1500,ENGLHNRSLNPR,12,,,,,,,,,,,,,,,
AVP1501,GQPSHDPVPPTT,12,,,,,,,,,,,,,,,
AVP1502,SSTSTVTPAHST,12,,,,,,,,,,,,,,,
AVP1503,SSPLAHYLNAPT,12,,,,,,,,,,,,,,,
AVP1504,SWLRDIWDWICEVLSDFK,18,,,,,,,,,,,,,,,
AVP1505,SWLRDLWDWICEVLSDFK,18,,,,,,,,,,,,,,,
AVP1506,SWLRDIWDWLCEVLSDFK,18,,,,,,,,,,,,,,,
AVP1507,SWLRDIWDWICELLSDFK,18,,,,,,,,,,,,,,,
AVP1508,SWLRDLWDWLCEVLSDFK,18,,,,,,,,,,,,,,,
AVP1509,SWLRDLWDWICELLSDFK,18,,,,,,,,,,,,,,,
AVP1510,SWLRDIWDWLCELLSDFK,18,,,,,,,,,,,,,,,
AVP1511,SWLRDLWDWLCELLSDFK,18,,,,,,,,,,,,,,,
AVP1512,SWLRDIWDWLCEVLSDFK,18,,,,,,,,,,,,,,,
AVP1513,SWLRDIWDWVCEVLSDFK,18,,,,,,,,,,,,,,,
AVP1514,SWLRDIWDWACEVLSDFK,18,,,,,,,,,,,,,,,
AVP1515,SWLRDIWDWGCEVLSDFK,18,,,,,,,,,,,,,,,
AVP1516,SWLRDIWDWSCEVLSDFK,18,,,,,,,,,,,,,,,
AVP1517,SWLRDIWDWECEVLSDFK,18,,,,,,,,,,,,,,,
AVP1518,SWLRDIWDWKCEVLSDFK,18,,,,,,,,,,,,,,,
AVP1519,TSQNIRS,7,,,,,,,,,,,,,,,
AVP1520,TSYHRSA,7,,,,,,,,,,,,,,,
AVP1521,SVSVGMKPSPRP,12,,,,,,,,,,,,,,,
AVP1522,SVSVGTKPRPRP,12,,,,,,,,,,,,,,,
AVP1523,SVSWGMKPSPRQ,12,,,,,,,,,,,,,,,
AVP1524,STLPLPP,7,,,,,,,,,,,,,,,
AVP1525,SDDPKESEGDLHCVC,15,,,,,,,,,,,,,,,
AVP1526,CVCVKTTSLVRPRHI,15,,,,,,,,,,,,,,,
AVP1527,KNGRKLCLDLQAALY,15,,,,,,,,,,,,,,,
AVP1528,AALYKKKIIKKLLES,15,,,,,,,,,,,,,,,
AVP1529,RW,2,,,,,,,,,,,,,,,
AVP1530,RWRW,4,,,,,,,,,,,,,,,
AVP1531,RWRWRW,6,,,,,,,,,,,,,,,
AVP1532,RWRWRWRW,8,,,,,,,,,,,,,,,
AVP1533,RWRWRWRWRW,10,,,,,,,,,,,,,,,
AVP1534,YQSTCSAVSKGYLSALR,17,,,,,,,,,,,,,,,
AVP1535,TSVITIELSNIKKIKCN,17,,,,,,,,,,,,,,,
AVP1536,LSNIKKIKCNGTDAKVK,17,,,,,,,,,,,,,,,
AVP1537,NNAKKTNVTLSKKRKRR,17,,,,,,,,,,,,,,,
AVP1538,KTNVTLSKKRKRRFLGF,17,,,,,,,,,,,,,,,
AVP1539,KKRKRRFLGFLLGVGSA,17,,,,,,,,,,,,,,,
AVP1540,KQLLPIVNKQSCSISNI,17,,,,,,,,,,,,,,,
AVP1541,LLSLINDMPITNDQKKL,17,,,,,,,,,,,,,,,
AVP1542,MPITNDQKKLMSNNVQI,17,,,,,,,,,,,,,,,
AVP1543,KKLMSNNVQIVRQQSYS,17,,,,,,,,,,,,,,,
AVP1544,KEGSNICLTRTDRGWYC,17,,,,,,,,,,,,,,,
AVP1545,SSVITSLGAIVSCYGKT,17,,,,,,,,,,,,,,,
AVP1546,GKTKCTASNKNRGIIKT,17,,,,,,,,,,,,,,,
AVP1547,IIIVIIVILLSLIAVGL,17,,,,,,,,,,,,,,,
AVP1548,VGLLLYCKARSTPVTLS,17,,,,,,,,,,,,,,,
AVP1549,AICKRIPNKKPGKKT,15,,,,,,,,,,,,,,,
AVP1550,NPTCWAICKRIPNKK,15,,,,,,,,,,,,,,,
AVP1551,ENREILKEPVHGVYY,15,,,,,,,,,,,,,,,
AVP1552,AKKQRFRHRNRKG,13,,,,,,,,,,,,,,,
AVP1553,ACYCRIPACIAGERRYGTCIYQGRLWAFCC,30,,,,,,,,,,,,,,,
AVP1554,DHYNCVSSGGQCLYSACPIFTKIQGTCYRGKAKCCK,36,,,,,,,,,,,,,,,
AVP1555,DPVTCLKSGAICHPVFCPRRYKQIGTCGLPGTKCCKP,37,,,,,,,,,,,,,,,
AVP1556,ARATCYCRTGRCATRESLSGVCEISGRLYRLCCR,34,,,,,,,,,,,,,,,
AVP1557,PPVYTKDVDISSQISSMNQSLQQSKDYIKEAQKILDTVNPSL,42,,,,,,,,,,,,,,,
AVP1558,VYTDKVDISSQISSMNQSLQQSKDYIKEAQKILDTV,36,,,,,,,,,,,,,,,
AVP1559,DITLNNSVALDPIDISIELNKAKSDLEESKEWIRRSNQKLDSIGN,46,,,,,,,,,,,,,,,
AVP1560,VALDPIDISIELNKAKSDLEESKEWIRRSNQKLDSI,36,,,,,,,,,,,,,,,
AVP1561,IDISIELNKAKSDLEESKEWIRRSNQKLDSIGNWH,35,,,,,,,,,,,,,,,
AVP1562,VANDPIDISIELNKAKSDLEESKEWIRRSNQKLDSI,36,,,,,,,,,,,,,,,
AVP1563,VALDPIDISIELNKAKSDLEESKEWIRRSNQKLDSD,36,,,,,,,,,,,,,,,
AVP1564,VANDPIDISIELNKAKSDLEESKEWIRRSNQKLDSD,36,,,,,,,,,,,,,,,
AVP1565,VALDPIDISIELNKAKSDLEESKEWIRR,28,,,,,,,,,,,,,,,
AVP1566,SIELNKAKSDLEESKEWIRRSNQKLDSI,28,,,,,,,,,,,,,,,
AVP1567,PPVYTKDVDISSQISSMNQSLQQSKDYIKEAQKILDTVNPSL,42,,,,,,,,,,,,,,,
AVP1568,VYTDKVDISSQISSMNQSLQQSKDYIKEAQKILDTV,36,,,,,,,,,,,,,,,
AVP1569,DITLNNSVALDPIDISIELNKAKSDLEESKEWIRRSNQKLDSIGN,46,,,,,,,,,,,,,,,
AVP1570,VALDPIDISIELNKAKSDLEESKEWIRRSNQKLDSI,36,,,,,,,,,,,,,,,
AVP1571,IDISIELNKAKSDLEESKEWIRRSNQKLDSIGNWH,35,,,,,,,,,,,,,,,
AVP1572,VANDPIDISIELNKAKSDLEESKEWIRRSNQKLDSI,36,,,,,,,,,,,,,,,
AVP1573,VALDPIDISIELNKAKSDLEESKEWIRRSNQKLDSD,36,,,,,,,,,,,,,,,
AVP1574,VANDPIDISIELNKAKSDLEESKEWIRRSNQKLDSD,36,,,,,,,,,,,,,,,
AVP1575,VALDPIDISIELNKAKSDLEESKEWIRR,28,,,,,,,,,,,,,,,
AVP1576,SIELNKAKSDLEESKEWIRRSNQKLDSI,28,,,,,,,,,,,,,,,
AVP1577,KVDISSQISSMNQSLQQSKDYIKEAQRLLDTVNPSL,37,,,,,,,,,,,,,,,
AVP1578,KVDISSQISSMNQSLQQSKDYIKEAQRLLDTVNPSL,37,,,,,,,,,,,,,,,
AVP1579,FWFTLIKTQAKQPARYRRFC,20,,,,,,,,,,,,,,,
AVP1580,MAILGDTAWDFGSLGGVFTSIGKALHQVFGAIY,33,,,,,,,,,,,,,,,
AVP1581,YDPLVFPSDEFDASISQVNEKINQSLAFIRKSDELLHNV,39,,,,,,,,,,,,,,,
AVP1582,LVRDSMAKLRERLNQRQKLFESTQ,24,,,,,,,,,,,,,,,
AVP1583,GINASVVNIQKEIDRLNEVAKNLNESLIDLQELGKYE,37,,,,,,,,,,,,,,,
AVP1584,GINASVVNIQKEIDRLNEVAKNLNESLIDL,30,,,,,,,,,,,,,,,
AVP1585,GINASVVNIQKEIDRLNEVAKNL,23,,,,,,,,,,,,,,,
AVP1586,QKQIANQFNKAISQIQESLTTTSTALGKLQDVVNQNAQALNTLVKQ,46,,,,,,,,,,,,,,,
AVP1587,QNQSANQFQKEISQINEVLTTTNTSLGKLQDDVNQNNQSLNTLQKE,46,,,,,,,,,,,,,,,
AVP1588,ELQREESPTGPPGSIRTWFQRIPLGWFHCTYQKGKQHCRLRIRQKVEE,48,,,,,,,,,,,,,,,
AVP1589,ELQREESPTGPPGSIRTWFQRIPLGWFH,28,,,,,,,,,,,,,,,
AVP1590,ELQREESPTGPPGSIRTWFQRIPLGWFHCTYQK,33,,,,,,,,,,,,,,,
AVP1591,ELQREESPTGPPGSIRTWFQRIPLGWFHCTYQKGKQHCR,39,,,,,,,,,,,,,,,
AVP1592,GSIRTWFQRIPLGWFHCTYQKGKQHCRLRIRQKVEE,36,,,,,,,,,,,,,,,
AVP1593,HCTYQKGKQHCRLRIRQKVEE,21,,,,,,,,,,,,,,,
AVP1594,SPTGPPGSIRTWFQRIPLGWFHCTYQKGKQHCRLRIRQKVEE,42,,,,,,,,,,,,,,,
AVP1595,WFQRIPLGWFHCTYQKGKQHCRLRIRQKVEE,31,,,,,,,,,,,,,,,
AVP1596,ELQREESPTGPPGSIRT,17,,,,,,,,,,,,,,,
AVP1597,EEMKKSDEEIKKYIEEIKKVEEESKYDEE,29,,,,,,,,,,,,,,,
AVP1598,HMNASDMEIKSYINMIESVEESSNYDF,27,,,,,,,,,,,,,,,
AVP1599,KKNEEIIKKLEETKKNEEKNKKSEEILKKLEELRKK,36,,,,,,,,,,,,,,,
AVP1600,NADIIKSLIRKTIINASKNTASLSILQHLYVLRS,34,,,,,,,,,,,,,,,
AVP1601,EERKKLGEEIKKEAEEAKKQIEETKKNDEE,30,,,,,,,,,,,,,,,
AVP1602,NAHCALL,7,,,,,,,,,,,,,,,
AVP1603,NQGRHFCGGALIHARFVMTAASCFQ,25,,,,,,,,,,,,,,,
AVP1604,NQGRHFCGGALIHARFVMTAASSFQ,25,,,,,,,,,,,,,,,
AVP1605,NQGRHFSGGALIHARFVMTAASCFQ,25,,,,,,,,,,,,,,,
AVP1606,NQGRHFSGGALIHARFVMTAASSFQ,25,,,,,,,,,,,,,,,
AVP1607,GKVIDTLTCGFADLMGYI,18,,,,,,,,,,,,,,,
AVP1608,GWAGWLLSPRGSRPSWGP,18,,,,,,,,,,,,,,,
AVP1609,LYGNEGCGWAGWLLSPRG,18,,,,,,,,,,,,,,,
AVP1610,QPGYPWPLYGNEGCGWAG,18,,,,,,,,,,,,,,,
AVP1611,RLGVRATRKTSERSQPRG,18,,,,,,,,,,,,,,,
AVP1612,TCGFADLMGYIPLVGAPL,18,,,,,,,,,,,,,,,
AVP1613,VKFPGGGQIVGGVYLLPR,18,,,,,,,,,,,,,,,
AVP1614,TVSSGADTEDVVC,13,,,,,,,,,,,,,,,
AVP1615,ARALAHGVRVLEDGVNYA,18,,,,,,,,,,,,,,,
AVP1616,GAPLGGAARALAHGVRVL,18,,,,,,,,,,,,,,,
AVP1617,LLPRRGPRLGVRATRKTS,18,,,,,,,,,,,,,,,
AVP1618,MGYIPLVGAPLGGAARAL,18,,,,,,,,,,,,,,,
AVP1619,MSTNPKPQRKTKRNTNRR,18,,,,,,,,,,,,,,,
AVP1620,PEGRTWAQPGYPWPLYGN,18,,,,,,,,,,,,,,,
AVP1621,PIPKARRPEGRTWAQPGY,18,,,,,,,,,,,,,,,
AVP1622,QIVGGVYLLPRRGPRLGV,18,,,,,,,,,,,,,,,
AVP1623,QPRGRRQPIPKARRPEGR,18,,,,,,,,,,,,,,,
AVP1624,QRKTKRNTNRRPQDVKFP,18,,,,,,,,,,,,,,,
AVP1625,RKTSERSQPRGRRQPIPK,18,,,,,,,,,,,,,,,
AVP1626,RRRSRNLGKVIDTLTCGF,18,,,,,,,,,,,,,,,
AVP1627,SPRGSRPSWGPTDPRRRS,18,,,,,,,,,,,,,,,
AVP1628,SWGPTDPRRRSRNLGKVI,18,,,,,,,,,,,,,,,
AVP1629,TNRRPQDVKFPGGGQIVG,18,,,,,,,,,,,,,,,
AVP1630,VRVLEDGVNYATGNLPGC,18,,,,,,,,,,,,,,,
AVP1631,DGSWSTVSSGADTED,15,,,,,,,,,,,,,,,
AVP1632,PGDPDLSDGSWSTVSSGA,18,,,,,,,,,,,,,,,
AVP1633,FYHSKRRLIFSKRKP,15,,,,,,,,,,,,,,,
AVP1634,GRKRRQTSMTDFYHS,15,,,,,,,,,,,,,,,
AVP1635,SMTDFYHSKRRLIFS,15,,,,,,,,,,,,,,,
AVP1636,AFKQSPPAIPALGTN,15,,,,,,,,,,,,,,,
AVP1637,AIPALGTNVKKRRHG,15,,,,,,,,,,,,,,,
AVP1638,QSPPAIPALGTNVKK,15,,,,,,,,,,,,,,,
AVP1639,RRHGDEDMFYMHVRG,15,,,,,,,,,,,,,,,
AVP1640,VKKRRHGDEDMFYMH,15,,,,,,,,,,,,,,,
AVP1641,KKKKYRNIRRPG,12,,,,,,,,,,,,,,,
AVP1642,MARHRNWPLVMV,12,,,,,,,,,,,,,,,
AVP1643,CTNPESLTC,9,,,,,,,,,,,,,,,
AVP1644,CTTHISQTC,9,,,,,,,,,,,,,,,
AVP1645,CKHHNWWTC,9,,,,,,,,,,,,,,,
AVP1646,CSLRTYAAC,9,,,,,,,,,,,,,,,
AVP1647,CFSSARLSC,9,,,,,,,,,,,,,,,
AVP1648,CHPSKALQC,9,,,,,,,,,,,,,,,
AVP1649,CERLNLPQC,9,,,,,,,,,,,,,,,
AVP1650,CTDNALKAC,9,,,,,,,,,,,,,,,
AVP1651,CQRTTEANC,9,,,,,,,,,,,,,,,
AVP1652,CTGYHNNTC,9,,,,,,,,,,,,,,,
AVP1653,CYKMDNHTC,9,,,,,,,,,,,,,,,
AVP1654,CHVLDPHLC,9,,,,,,,,,,,,,,,
AVP1655,CSQWLQGS,8,,,,,,,,,,,,,,,
AVP1656,CNSMWVRNC,9,,,,,,,,,,,,,,,
AVP1657,CSRNHILTC,9,,,,,,,,,,,,,,,
AVP1658,CVMSKHQHC,9,,,,,,,,,,,,,,,
AVP1659,CLMGSSHSC,9,,,,,,,,,,,,,,,
AVP1660,CPSHYTQAC,9,,,,,,,,,,,,,,,
AVP1661,CDLLLPGRC,9,,,,,,,,,,,,,,,
AVP1662,CHTLPHTKC,9,,,,,,,,,,,,,,,
AVP1663,CSTTNATWC,9,,,,,,,,,,,,,,,
AVP1664,CHADQLPMC,9,,,,,,,,,,,,,,,
AVP1665,CHGSTKWAC,9,,,,,,,,,,,,,,,
AVP1666,CYRTQFTQC,9,,,,,,,,,,,,,,,
AVP1667,CTPGRSATC,9,,,,,,,,,,,,,,,
AVP1668,CTPLSTLQC,9,,,,,,,,,,,,,,,
AVP1669,CLPTPHHVC,9,,,,,,,,,,,,,,,
AVP1670,CQLSLAPYC,9,,,,,,,,,,,,,,,
AVP1671,CTFHSPRFC,9,,,,,,,,,,,,,,,
AVP1672,CNPMHSRTC,9,,,,,,,,,,,,,,,
AVP1673,CGPSLRGVC,9,,,,,,,,,,,,,,,
AVP1674,CKPSTSGQC,9,,,,,,,,,,,,,,,
AVP1675,CYATTLGAC,9,,,,,,,,,,,,,,,
AVP1676,CFNTHTANC,9,,,,,,,,,,,,,,,
AVP1677,CNKQFSAAC,9,,,,,,,,,,,,,,,
AVP1678,CPGHHLSHC,9,,,,,,,,,,,,,,,
AVP1679,CSPYAKHNC,9,,,,,,,,,,,,,,,
AVP1680,CNSPKGKPC,9,,,,,,,,,,,,,,,
AVP1681,CHSLRNAFC,9,,,,,,,,,,,,,,,
AVP1682,CQGSPYRHC,9,,,,,,,,,,,,,,,
AVP1683,CQWPGQSGC,9,,,,,,,,,,,,,,,
AVP1684,CSAGAPEFC,9,,,,,,,,,,,,,,,
AVP1685,CKSFTTTRC,9,,,,,,,,,,,,,,,
AVP1686,CNSSSPTAC,9,,,,,,,,,,,,,,,
AVP1687,CQVLNGNHC,9,,,,,,,,,,,,,,,
AVP1688,CTQSGLLSC,9,,,,,,,,,,,,,,,
AVP1689,CTYPYPKFC,9,,,,,,,,,,,,,,,
AVP1690,CHQLMQNLC,9,,,,,,,,,,,,,,,
AVP1691,CKSTFSPNC,9,,,,,,,,,,,,,,,
AVP1692,CQPHLPWHC,9,,,,,,,,,,,,,,,
AVP1693,CTSAAVHMC,9,,,,,,,,,,,,,,,
AVP1694,CQATTARNC,9,,,,,,,,,,,,,,,
AVP1695,CPFVKTQLC,9,,,,,,,,,,,,,,,
AVP1696,CPFVC,5,,,,,,,,,,,,,,,
AVP1697,CLVRNLAWC,9,,,,,,,,,,,,,,,
AVP1698,CQTTNWNTC,9,,,,,,,,,,,,,,,
AVP1699,CSASTESLC,9,,,,,,,,,,,,,,,
AVP1700,FLHFLHHLF,9,,,,,,,,,,,,,,,
AVP1701,FLGFLHHLF,9,,,,,,,,,,,,,,,
AVP1702,FLGFLKNLF,9,,,,,,,,,,,,,,,
AVP1703,AKVTMTCSAS,10,,,,,,,,,,,,,,,
AVP1704,LGCETAALRLGIKLTQHYFGLLTAFGSNFGTIG,33,,,,,,,,,,,,,,,
AVP1705,ISGINASVVNIQEEIKKLNEEAKKLNESLIDLQEL,35,,,,,,,,,,,,,,,
AVP1706,ISGINASVVNIQKEIDRLNEVAKNLNESLIDLQEL,35,,,,,,,,,,,,,,,
AVP1707,IEEINKKVEEIQKKIEELNKKAEELNKKLEELQKK,35,,,,,,,,,,,,,,,
AVP1708,PRPISYLKGSSGGPL,15,,,,,,,,,,,,,,,
AVP1709,WSFFSNI,7,,,,,,,,,,,,,,,
AVP1710,MHRSLLGRMKGA,12,,,,,,,,,,,,,,,
AVP1711,DPTARLQLEARLQHLVAEILEREQSLALHA,30,,,,,,,,,,,,,,,
AVP1712,TARLQLEARLQHLVAEILEREQSLA,25,,,,,,,,,,,,,,,
AVP1713,AQLLESVLQEERILALHAQARERLT,25,,,,,,,,,,,,,,,
AVP1714,QPELAPEDPEDSALLEDPVGTVAPQ,25,,,,,,,,,,,,,,,
AVP1715,EVVLFLLNVF,10,,,,,,,,,,,,,,,
AVP1716,TLKPIFKLPLGINITNFR,18,,,,,,,,,,,,,,,
AVP1717,ISGINASVVNIQKEIDRLNEVAKNLNESLIDLQEL,35,,,,,,,,,,,,,,,
AVP1718,YENQKQIANQFNKAISQIQESLTTTSTA,28,,,,,,,,,,,,,,,
AVP1719,DVDLGDISGINASVVNIQKEIDRLNEVAKNLNESLIDLQELGKYEQYI,48,,,,,,,,,,,,,,,
AVP1720,IQESLTTTSTALGKLQDVVNQNAQALNTLVKQLSS,35,,,,,,,,,,,,,,,
AVP1721,YENQKQIANQFNKAISQIQESLTTTSTALGKLQDVVNQNAQALNTLVKQLSSNFGAISSV,60,,,,,,,,,,,,,,,
AVP1722,FGGASCCLYCRCHIDHPNPKGFCDLKGKY,29,,,,,,,,,,,,,,,
AVP1723,GGASCCLYCRCH,12,,,,,,,,,,,,,,,
AVP1724,DLKGKYVQIP,10,,,,,,,,,,,,,,,
AVP1725,NCVKMLCTHTGTGQAITVTP,20,,,,,,,,,,,,,,,
AVP1726,PTTCANDP,8,,,,,,,,,,,,,,,
AVP1727,HRILMRIRAMMT,12,,,,,,,,,,,,,,,
AVP1728,HRALMRIRQMMT,12,,,,,,,,,,,,,,,
AVP1729,HRILMRIR,8,,,,,,,,,,,,,,,
AVP1730,HRIAMRIRQMMT,12,,,,,,,,,,,,,,,
AVP1731,HRILMRIRQMMT,12,,,,,,,,,,,,,,,
AVP1732,ARILMRIRQMMT,12,,,,,,,,,,,,,,,
AVP1733,HRILMRIRQAMT,12,,,,,,,,,,,,,,,
AVP1734,HRILMRIAQMMT,12,,,,,,,,,,,,,,,
AVP1735,RLNNRARIILRA,12,,,,,,,,,,,,,,,
AVP1736,LAHKSRLYERHM,12,,,,,,,,,,,,,,,
AVP1737,HRILMRIRQMMA,12,,,,,,,,,,,,,,,
AVP1738,HRILMRIRQMAT,12,,,,,,,,,,,,,,,
AVP1739,HRILMRARQMMT,12,,,,,,,,,,,,,,,
AVP1740,LMRIRQMMT,9,,,,,,,,,,,,,,,
AVP1741,HRILARIRQMMT,12,,,,,,,,,,,,,,,
AVP1742,LMRIR,5,,,,,,,,,,,,,,,
AVP1743,HAILMRIRQMMT,12,,,,,,,,,,,,,,,
AVP1744,HRILMAIRQMMT,12,,,,,,,,,,,,,,,
AVP1745,EVSHPKVG,8,,,,,,,,,,,,,,,
AVP1746,SGGSNRSP,8,,,,,,,,,,,,,,,
AVP1747,WVTTSNQW,8,,,,,,,,,,,,,,,
AVP1748,FFLLFLQGAAGNSVLCRIRGGRCHVGSCHFPERHIGRCSGFQACCIRTWG,50,,,,,,,,,,,,,,,
AVP1749,MQILPLLFAVLLLMLQAEPGLSLARGLPQDCERRGGFCSHKSCPPGIGRIGLCSKEDFCCRSRWYS,66,,,,,,,,,,,,,,,
AVP1750,MRILYLLLSVLFVVLQGVAGQPYFSSPIHACRYQRGVCIPGPCRWPYYRVGSCGSGLKSCCVRNRWA,67,,,,,,,,,,,,,,,
AVP1751,MRIVYLLFPFILLLVQGAAGSSLAPRNKEKCHREKGFCGFLKCFPFIISGKCSRFFFCCKKIFG,64,,,,,,,,,,,,,,,
AVP1752,TATQCRIRGGFCRVGSCRFPHIAIGKCATFISCCGRAYEVDALNSVRTSPWLLAPGNNPH,60,,,,,,,,,,,,,,,
AVP1753,WLVFFVIFYFFRRRKK,16,,,,,,,,,,,,,,,
AVP1754,RRKKWLVFFVIFYFFR,16,,,,,,,,,,,,,,,
AVP1755,WLVFFVIAYFAR,12,,,,,,,,,,,,,,,
AVP1756,WLVFFVIFYFFR,12,,,,,,,,,,,,,,,
AVP1757,AWDFGSLGGVFTSIGKALHQVFGAIYGAA,29,,,,,,,,,,,,,,,
AVP1758,AWDFGSVGGVLNSLGKMVHQIFGSAYTAL,29,,,,,,,,,,,,,,,
AVP1759,RRKKIFYFFR,10,,,,,,,,,,,,,,,
AVP1760,AWDFGSLGGVFTSIGKALHQVFGAIYGAA,29,,,,,,,,,,,,,,,
AVP1761,AKTIRLESEVTAIKNALKKTNEAVSTLGNGVRVLATAVRELKDFVSKN,48,,,,,,,,,,,,,,,
AVP1762,HVTTTFAPPPPR,12,,,,,,,,,,,,,,,
AVP1763,SVVPSKATWGFA,12,,,,,,,,,,,,,,,
AVP1764,FKPSSPPSITLW,12,,,,,,,,,,,,,,,
AVP1765,ATCYCRTGRCATRESLSGVCRISGRLYRLCCR,32,,,,,,,,,,,,,,,
AVP1766,ATCYCRTGRCATRESLSGVCEISGRLYRLCCR,32,,,,,,,,,,,,,,,
AVP1767,ATCYCRTGRCATRESLSGVCEIRGRLYRLCCR,32,,,,,,,,,,,,,,,
AVP1768,ATCYCRRGRCATRESLSGVCEISGRLYRLCCR,32,,,,,,,,,,,,,,,
AVP1769,RARRSLLIASALCTSDVAAATNADLRTALARADHQKTLFWL,41,,,,,,,,,,,,,,,
AVP1770,ALNCYWPLNDYGFYTTTGIGYQPYRVVVLSFEL,33,,,,,,,,,,,,,,,
AVP1771,TARLQLEARLQHLVAEILEREQSLALHALGYQLAFV,36,,,,,,,,,,,,,,,
AVP1772,ATCYCRTGRCATRESRSGVCEISGRLYRLCCR,32,,,,,,,,,,,,,,,
AVP1773,NASDMEIKKVNKKIEEYIKKIEEVEKKLEEVNKK,34,,,,,,,,,,,,,,,
AVP1774,VNKKIEEIDKKIEELNKKLEELEKKLEEVNKK,32,,,,,,,,,,,,,,,
AVP1775,ALHALGYQLAFVLDSPSAY,19,,,,,,,,,,,,,,,
AVP1776,AKFEVNNPQVQRQAFNELIRVVHQLLPESSLRKRKRSRC,39,,,,,,,,,,,,,,,
AVP1777,TKKNSFKRKSIMLPKSLLSVVKSATLETKPESKYS,35,,,,,,,,,,,,,,,
AVP1778,AGDNATVAAGHATLREHLRDIKAENTDAN,29,,,,,,,,,,,,,,,
AVP1779,AGHATLREHLRDIKAENTDAN,21,,,,,,,,,,,,,,,
AVP1780,DVREEEQLGERATGLNLNI,19,,,,,,,,,,,,,,,
AVP1781,GENNELRLTRDAI,13,,,,,,,,,,,,,,,
AVP1782,TAAGDARANAVAKAGLHDLNIETDTERNH,29,,,,,,,,,,,,,,,
AVP1783,VEGQLGENNELRLTRDAIE,19,,,,,,,,,,,,,,,
AVP1784,HATCSLAFALATSVALATRNDLLLRWAAARDAQTILSKRDR,41,,,,,,,,,,,,,,,
AVP1785,LQLEARLQHLVAEILER,17,,,,,,,,,,,,,,,
AVP1786,TSDVAAATNADLRTALARADHQKTLFWL,28,,,,,,,,,,,,,,,
AVP1787,YQFHLVLHEALRAQALSRQLILGRELAQELVAELAT,36,,,,,,,,,,,,,,,
AVP1788,AWDFGSLGGVFTSIGKALHQVFGAIYGAA,29,,,,,,,,,,,,,,,
AVP1789,AWDFGSVGGVLNSLGKMVHQIFGSAYTAL,29,,,,,,,,,,,,,,,
AVP1790,AWDFGSIGGVFTSVGKLVHQVFGTAYGVL,29,,,,,,,,,,,,,,,
AVP1791,AWDFGSLGGVFTSIGKALHQVFGAIYGAA,29,,,,,,,,,,,,,,,
AVP1792,AWDFGSVGGVLNSLGKMVHQIFGSAYTAL,29,,,,,,,,,,,,,,,
AVP1793,AWDFGSIGGVFTSVGKLVHQVFGTAYGVL,29,,,,,,,,,,,,,,,
AVP1794,AWDFGSVGGVLNSLGKMVHQIFGSAYTAL,29,,,,,,,,,,,,,,,
AVP1795,AWDFGSIGGVFTSVGKLVHQVFGTAYGVL,29,,,,,,,,,,,,,,,
AVP1796,AWDFGSIGGVFTSVGKLVHQVFGTAYGVL,29,,,,,,,,,,,,,,,
AVP1797,AWDFGSVGGLFTSLGKAVHQVFGSVYTIM,29,,,,,,,,,,,,,,,
AVP1798,AWDFGSIGGVFTSVGKLVHQVFGTAYGVL,29,,,,,,,,,,,,,,,
AVP1799,AWDFGSIGGVFTSVGKLVHQVFGTAYGVL,29,,,,,,,,,,,,,,,
AVP1800,AWDFGSIGGVFTSVGKLVHQVFGTAYGVL,29,,,,,,,,,,,,,,,
AVP1801,NADIIKSLIRKTIINASKNTASLSILQHLYVLRS,34,,,,,,,,,,,,,,,
AVP1802,HMNASDMEIKSYINMIESVEESSNYDF,27,,,,,,,,,,,,,,,
AVP1803,VVTTRLFMSLVASVRNAFQSGYISFDEIIKTE,32,,,,,,,,,,,,,,,
AVP1804,CTEEHIVATELVIQEMYIKINVKNSP,26,,,,,,,,,,,,,,,
AVP1805,RIILGQCIKREAEAAIEQIFRTKYNDSH,28,,,,,,,,,,,,,,,
AVP1806,WLVFFVRRKK,10,,,,,,,,,,,,,,,
AVP1807,MPRRRRIRRRQK,12,,,,,,,,,,,,,,,
AVP1808,FFVIFYRRKK,10,,,,,,,,,,,,,,,
AVP1809,RRKKAAVALLPAVLLALLAP,20,,,,,,,,,,,,,,,
AVP1810,RRKKAAVALLPAVLLALLAP,20,,,,,,,,,,,,,,,
AVP1811,GICRCICGRGICRCICGRIGGRVPGVGVPGVGHHHHHH,38,,,,,,,,,,,,,,,
AVP1812,TIRLESEVTAIKNALKKTNEAVSTLGNGVRVLATAVRELKDFV,43,,,,,,,,,,,,,,,
AVP1813,FNVALDQVFESIENSQALVDQSNRILSSAEKGNTG,35,,,,,,,,,,,,,,,
AVP1814,LESEVTAIKNALKKTNEAVSTLGNGVRVLATAVRE,35,,,,,,,,,,,,,,,
AVP1815,PEDQFNVALDQVFESIENSQALVDQSNRILSSAEKGNTG,39,,,,,,,,,,,,,,,
AVP1816,FNVALDQVFESIENSQALVDQSNRILSSAE,30,,,,,,,,,,,,,,,
AVP1817,FNVALDQVFESIENSQALVDQSNRILSSAEKGN,33,,,,,,,,,,,,,,,
AVP1818,NVALDQVFESIENSQALVDQSNRILSSA,28,,,,,,,,,,,,,,,
AVP1819,SSFDPVKFPEDQFNVALDQVFESIENSQALVDQSNRILSSAEK,43,,,,,,,,,,,,,,,
AVP1820,LFRLIKSLIKRLVSAFK,17,,,,,,,,,,,,,,,
AVP1821,RGGRLCYCRRRFCVCVGR,18,,,,,,,,,,,,,,,
AVP1822,YKYRYL,6,,,,,,,,,,,,,,,
AVP1823,CFQWQRNMRKVRGPPVSCIKRDSPIQ,26,,,,,,,,,,,,,,,
AVP1824,GRRRRSVQWCAVSQPEATKCFQWQRNMRKVRGPPVSCIKRDSPIQCI,47,,,,,,,,,,,,,,,
AVP1825,GRRRRSVQWCAVSQPEATKCFQW,23,,,,,,,,,,,,,,,
AVP1826,LEEWYKKTEELQKKFEEIIKKIEENNKKVEEGLKK,35,,,,,,,,,,,,,,,
AVP1827,LGEWYNQTKELQQKFYEIIMNIEQNNVQVKKGLQQ,35,,,,,,,,,,,,,,,
AVP1828,GEETLKKWEEQTKKLEEKFKKIEENIKKNEEQVKKGEEQLKK,42,,,,,,,,,,,,,,,
AVP1829,NEELGKKYEETKKKQEEFYKKIEEIEKKNEEVKKKLEELQKK,42,,,,,,,,,,,,,,,
AVP1830,ATHQETIEKVTEALKINNLRLVTLEHQVLVIGLKVE,36,,,,,,,,,,,,,,,
AVP1831,SISNALNKLEESNRNLDKVNVKLT,24,,,,,,,,,,,,,,,
AVP1832,KQNAANILRLKESIAATNEAVHEV,24,,,,,,,,,,,,,,,
AVP1833,CANLLLQYGSFCTQLNRALSGIA,23,,,,,,,,,,,,,,,
AVP1834,PSSKRFQPFQQFGRDVSDFT,20,,,,,,,,,,,,,,,
AVP1835,RNTREVFAQVKQMYKTPTLKYFG,23,,,,,,,,,,,,,,,
AVP1836,TKFPSVYAWERKKISNCVAD,20,,,,,,,,,,,,,,,
AVP1837,KGIYQTSNFRVVPSGDVVRF,20,,,,,,,,,,,,,,,
AVP1838,KSNVVRGWVFGSTMNNKSQS,20,,,,,,,,,,,,,,,
AVP1839,TDAVDCSQNPLAELKCSVKSF,21,,,,,,,,,,,,,,,
AVP1840,TSSMRGVYYPDEIFRSDTLYL,21,,,,,,,,,,,,,,,
AVP1841,YKGYQPIDVVRDLPSGFNTL,20,,,,,,,,,,,,,,,
AVP1842,YNYKYRYLRHGKLRPFERDI,20,,,,,,,,,,,,,,,
AVP1843,HGVSGHGQHGVHG,13,,,,,,,,,,,,,,,
AVP1844,WEIHHINKFAQAYSSYSRVIGGTVFVA,27,,,,,,,,,,,,,,,
AVP1845,WHSRGSTWLYRETANLNAMLTITTARSKYPY,31,,,,,,,,,,,,,,,
AVP1846,FFIFPNYTIVSDFGRPNAA,19,,,,,,,,,,,,,,,
AVP1847,HFFATSTGDVVYISPFYNGTNRNASYFG,28,,,,,,,,,,,,,,,
AVP1848,GRRRRSVQWCAVSQPEATKCFQWQRNMRKVRGPPVSCIKRDSPIQCIQA,49,,,,,,,,,,,,,,,
AVP1849,FKCRRWQWRMKKLGAPSITCVRRAFA,26,,,,,,,,,,,,,,,
AVP1850,GIKCRFCCGCCTPGICGVCCRF,22,,,,,,,,,,,,,,,
AVP1851,ECKFTVKPYLKRFQVYYKGRMWCP,24,,,,,,,,,,,,,,,
AVP1852,GRTTLSTRGPPRGGPG,16,,,,,,,,,,,,,,,
AVP1853,FKCRRWQWRMKKLGA,15,,,,,,,,,,,,,,,
AVP1854,TKCFQWQRNMRKVRGPPVSCIKRDS,25,,,,,,,,,,,,,,,
AVP1855,CNDFRSKTC,9,,,,,,,,,,,,,,,
AVP1856,NDFRSKT,7,,,,,,,,,,,,,,,
AVP1857,NGIGVTQNVLYENQKQIANQFNKAISQIQESLTTTSTA,38,,,,,,,,,,,,,,,
AVP1858,IQKEIDRLNEVAKNLNESLIDLQELGK,27,,,,,,,,,,,,,,,
AVP1859,FNKAISQIQESLTTTSTALGKLQDVVNQNAQALNTLVKQL,40,,,,,,,,,,,,,,,
AVP1860,ALNTLVKQLSSNFGAISSVLNDILSRLDKVEAEVQIDRL,39,,,,,,,,,,,,,,,
AVP1861,IDRLITGRLQSLQTYVTQQLIRAAEIRASANLAATK,36,,,,,,,,,,,,,,,
AVP1862,YVTQQLIRAAEIRASANLAATKMSECVLGQSKRVDFCGKG,40,,,,,,,,,,,,,,,
AVP1863,VYDPLQPELDSFKEELDKYFKNHTSPDVDLGDISGINASVV,41,,,,,,,,,,,,,,,
AVP1864,QPELDSFKEELDKYFKNHTSPDVDLGDISGINASVVNIQ,39,,,,,,,,,,,,,,,
AVP1865,SFKEELDKYFKNHTSPDVDLGDISGINASVVNIQKEIDRLNE,42,,,,,,,,,,,,,,,
AVP1866,LDKYFKNHTSPDVDLGDISGINASVVNIQKEIDRLNEVAK,40,,,,,,,,,,,,,,,
AVP1867,FKNHTSPDVDLGDISGINASVVNIQKEIDRLNEVAKNLNES,41,,,,,,,,,,,,,,,
AVP1868,PDVDLGDISGINASVVNIQKEIDRLNEVAKNLNESLIDLQ,40,,,,,,,,,,,,,,,
AVP1869,GDISGINASVVNIQKEIDRLNEVAKNLNESLIDLQELGKY,40,,,,,,,,,,,,,,,
AVP1870,ISGINASVVNIQKEIDRLNEVAKNLNESLIDLQELGKYEQYI KWPW,47,,,,,,,,,,,,,,,
AVP1871,ISGINASVVNIQKEIDRLNEVAKNLNESLIDLQELGK,37,,,,,,,,,,,,,,,
AVP1872,ISGINASVVNIQKEIDRLNEVAKNLNESLIDLQEL,35,,,,,,,,,,,,,,,
AVP1873,GINASVVNIQKEIDRLNEVAKNLNESLIDLQELGK,35,,,,,,,,,,,,,,,
AVP1874,INASVVNIQKEIDRLNEVAKNLNESLIDLQELGKYEQYIKWPW,43,,,,,,,,,,,,,,,
AVP1875,INASVVNIQKEIDRLNEVAKNLNESLIDLQELGKYEQYI,39,,,,,,,,,,,,,,,
AVP1876,INASVVNIQKEIDRLNEVAKNLNESLIDLQELGK,34,,,,,,,,,,,,,,,
AVP1877,INASVVNIQKEIDRLNEVAKNLNESLIDL,29,,,,,,,,,,,,,,,
AVP1878,VVNIQKEIDRLNEVAKNLNESLIDLQELGKYEQYIKWPW,39,,,,,,,,,,,,,,,
AVP1879,VVNIQKEIDRLNEVAKNLNESLIDLQELGK,30,,,,,,,,,,,,,,,
AVP1880,IQKEIDRLNEVAKNLNESLIDLQELGKYEQYIKWPW,36,,,,,,,,,,,,,,,
AVP1881,IDRLNEVAKNLNESLIDLQELGKYEQYIKWPW,32,,,,,,,,,,,,,,,
AVP1882,GYRARPKFKAGKR,13,,,,,,,,,,,,,,,
AVP1883,TTTPAKRKKTKK,12,,,,,,,,,,,,,,,
AVP1884,MLRKRRKRL,9,,,,,,,,,,,,,,,
AVP1885,PLETLMAKAIDAGFIR,16,,,,,,,,,,,,,,,
AVP1886,PSQPTYPGDDAPLEDLMAFAIDLSFYLGVV,30,,,,,,,,,,,,,,,
AVP1887,LDSPKEELDKYFKNHTSPDVDLGDISGINASVVNIQKEIDRLNEVAKNLNESLIDLQELGKYE,63,,,,,,,,,,,,,,,
AVP1888,PKEELDKYFKNHTSPDVDLGDISGINASVVNIQKEIDRLNEVAKNLNESLIDLQELGKYE,60,,,,,,,,,,,,,,,
AVP1889,LDKYFKNHTSPDVDLGDISGINASVVNIQKEIDRLNEVAKNLNESLIDLQELGKYE,56,,,,,,,,,,,,,,,
AVP1890,FKNHTSPDVDLGDISGINASVVNIQKEIDRLNEVAKNLNESLIDLQELGKYE,52,,,,,,,,,,,,,,,
AVP1891,TSPDVDLGDISGINASVVNIQKEIDRLNEVAKNLNESLIDLQELGKYE,48,,,,,,,,,,,,,,,
AVP1892,VDLGDISGINASVVNIQKEIDRLNEVAKNLNESLIDLQELGKYE,44,,,,,,,,,,,,,,,
AVP1893,DISGINASVVNIQKEIDRLNEVAKNLNESLIDLQELGKYE,40,,,,,,,,,,,,,,,
AVP1894,ELDSFKEELDKYFKNHTSPDVDLGDISGINASVVNIQKEIDRLNEVAKNLNESLIDLQELGKYEQYIK,68,,,,,,,,,,,,,,,
AVP1895,ELDSFKEELDKYFKNHTSPDVDLGDISGINASVVNIQKEIDRLNEVAKNLNESLIDLQEL,60,,,,,,,,,,,,,,,
AVP1896,ELDSPKEELDKYFKNHTSPDVDLGDISGINASVVNIQKEIDRLNEVAKNLNESLID,56,,,,,,,,,,,,,,,
AVP1897,DLSLDFEKLNVTLLDLTYEMNRIQDAIKKLNESYINLKE,39,,,,,,,,,,,,,,,
AVP1898,AYRFNGIQVTQNVLYENQKQIANQFNKAISQIQESLTTTSTALGKLQDVVNQNAQALNTLVKQLSSNFGAISSVLNDILSRLDKVEAEVQIDRLIT,96,,,,,,,,,,,,,,,
AVP1899,NQKQIANQFNKAISQIQESLTTTSTALGKLQDVVNQNAQALNTLVKQLSSNFGAISSVLNDILSRLDKVEAEVQIDRLIT,80,,,,,,,,,,,,,,,
AVP1900,NQKQIANQFNKAISQIQESLTTTSTALGKLQDVVNQNAQALNTLVKQLSSNFGAISSVLNDILSRLDKVEAEVQIDRLIT,80,,,,,,,,,,,,,,,
AVP1901,NQNAQALNTLVKQLSSNFGAISSVLNDILSRLDKVEAEVQIDRLIT,46,,,,,,,,,,,,,,,
AVP1902,GFCRCLCRRGVCRCICTR,18,,,,,,,,,,,,,,,
AVP1903,GVCRCLCRRGVCRCICRR,18,,,,,,,,,,,,,,,
AVP1904,GFCRCICTRGFCRCICTR,18,,,,,,,,,,,,,,,
AVP1905,GICRCICGRGICRCICGR,18,,,,,,,,,,,,,,,
AVP1906,GICRCICGRRICRCICGR,18,,,,,,,,,,,,,,,
AVP1907,RICRCICGRRICRCICGR,18,,,,,,,,,,,,,,,
AVP1908,GFCRCLCRRGVCRCICTR,18,,,,,,,,,,,,,,,
AVP1909,GVCRCLCRRGVCRCICRR,18,,,,,,,,,,,,,,,
AVP1910,GFCRCICTRGFCRCICTR,18,,,,,,,,,,,,,,,
AVP1911,GICRCICGRGICRCICGR,18,,,,,,,,,,,,,,,
AVP1912,GICRCICGRRICRCICGR,18,,,,,,,,,,,,,,,
AVP1913,RICRCICGRRICRCICGR,18,,,,,,,,,,,,,,,
AVP1914,GVTQNVLYENQKQIANQFNKAISQIQESLTTTSTALGKLQ,40,,,,,,,,,,,,,,,
AVP1915,LTTTSTALGKLQDVVNQNAQALNTLVKQLSSNFG,34,,,,,,,,,,,,,,,
AVP1916,KQLSSNFGAISSVLNDILSRLDKVEAEVQIDRLITG,36,,,,,,,,,,,,,,,
AVP1917,GRLQSLQTYVTQQLIRAAEIRASANLAATKMSEC,34,,,,,,,,,,,,,,,
AVP1918,GINASVVNIQKEIDRLNEVAKNLNESLIDLQELGKYE,37,,,,,,,,,,,,,,,
AVP1919,KEIDRLNEVAKNLNESLIDLQELGKYEQYIKWPWYVW,37,,,,,,,,,,,,,,,
AVP1920,SGFDPLITHA,10,,,,,,,,,,,,,,,
AVP1921,SDWDPLFTHK,10,,,,,,,,,,,,,,,
AVP1922,LLGDFFRKSKEKIGKEFKRIVQRIKDFLRNLVPRTES,37,,,,,,,,,,,,,,,
AVP1923,SPQYWTGPA,9,,,,,,,,,,,,,,,
AVP1924,TDVILMCFSIDSPDSLENI,19,,,,,,,,,,,,,,,
AVP1925,CSIELSDIPLSVDFNTMID,19,,,,,,,,,,,,,,,
AVP1926,ADVILMCFSIDSPDSLENI,19,,,,,,,,,,,,,,,
AVP1927,TAVILMCFSIDSPDSLENI,19,,,,,,,,,,,,,,,
AVP1928,TDAILMCFSIDSPDSLENI,19,,,,,,,,,,,,,,,
AVP1929,TDVALMCFSIDSPDSLENI,19,,,,,,,,,,,,,,,
AVP1930,TDVIAMCFSIDSPDSLENI,19,,,,,,,,,,,,,,,
AVP1931,TDVILACFSIDSPDSLENI,19,,,,,,,,,,,,,,,
AVP1932,TDVILMAFSIDSPDSLENI,19,,,,,,,,,,,,,,,
AVP1933,TDVILMCASIDSPDSLENI,19,,,,,,,,,,,,,,,
AVP1934,TDVILMCFAIDSPDSLENI,19,,,,,,,,,,,,,,,
AVP1935,TDVILMCFSADSPDSLENI,19,,,,,,,,,,,,,,,
AVP1936,TDVILMCFSIASPDSLENI,19,,,,,,,,,,,,,,,
AVP1937,TDVILMCFSIDAPDSLENI,19,,,,,,,,,,,,,,,
AVP1938,TDVILMCFSIDSADSLENI,19,,,,,,,,,,,,,,,
AVP1939,TDVILMCFSIDSPASLENI,19,,,,,,,,,,,,,,,
AVP1940,TDVILMCFSIDSPDALENI,19,,,,,,,,,,,,,,,
AVP1941,TDVILMCFSIDSPDSAENI,19,,,,,,,,,,,,,,,
AVP1942,TDVILMCFSIDSPDSLANI,19,,,,,,,,,,,,,,,
AVP1943,TDVILMCFSIDSPDSLEAI,19,,,,,,,,,,,,,,,
AVP1944,TDVILMCFSIDSPDSLENA,19,,,,,,,,,,,,,,,
AVP1945,TDVILMCFSI,10,,,,,,,,,,,,,,,
AVP1946,TDVILMCFSIDSP,13,,,,,,,,,,,,,,,
AVP1947,TDVILMCFSIDSPDSL,16,,,,,,,,,,,,,,,
AVP1948,DVILMCFSIDSPDSLENI,18,,,,,,,,,,,,,,,
AVP1949,VILMCFSIDSPDSLENI,17,,,,,,,,,,,,,,,
AVP1950,ILMCFSIDSPDSLENI,16,,,,,,,,,,,,,,,
AVP1951,CFSIDSPDSLENI,13,,,,,,,,,,,,,,,
AVP1952,ILMCFSIDSPDSLEN,15,,,,,,,,,,,,,,,
AVP1953,ILMCFSIDSPDSLE,14,,,,,,,,,,,,,,,
AVP1954,ILMCFSIDSPDSL,13,,,,,,,,,,,,,,,
AVP1955,ILMCFSIDSPDS,12,,,,,,,,,,,,,,,
AVP1956,ILMCFSIDSPD,11,,,,,,,,,,,,,,,
AVP1957,ILMCFSIDSP,10,,,,,,,,,,,,,,,
AVP1958,ILMCFSIDS,9,,,,,,,,,,,,,,,
AVP1959,ILMCFSID,8,,,,,,,,,,,,,,,
AVP1960,ILMCFSI,7,,,,,,,,,,,,,,,
AVP1961,ILMCFS,6,,,,,,,,,,,,,,,
AVP1962,LYIRPRPPDNDDGDDNDDGGGENNGGDGDNYATDDMMMVMIMMMVVVRIMVVMVIIMLLMT,61,,,,,,,,,,,,,,,
AVP1963,MSTNPKPQRKTKRNTNRRPQ,20,,,,,,,,,,,,,,,
AVP1964,DTHTTGGVAGRDTLRFTGFFSFGPKQK,27,,,,,,,,,,,,,,,
AVP1965,STLPETTVVRRRGRSPRRRT,20,,,,,,,,,,,,,,,
AVP1966,IPQSLDSWWTSL,12,,,,,,,,,,,,,,,
AVP1967,NKSLLTEVETPIRNEWGCRCNDSSD,25,,,,,,,,,,,,,,,
AVP1968,KSLLTEVETPIRGSLLTEVETPIR,24,,,,,,,,,,,,,,,
AVP1969,KETPIRNEWGCRGETPIRNEWGCR,24,,,,,,,,,,,,,,,
AVP1970,KNEWGCRCNDSSDGNEWGCRCNDSSD,26,,,,,,,,,,,,,,,
AVP1971,AVSKVLHLEGEVNKISALLSTNKAVVSLSNGVSVLTSKVLDLDNYIDKQLLPIVNK,56,,,,,,,,,,,,,,,
AVP1972,NFYDPLVFPSDEFDASISQVNEKINQSLASIRKSDELLHNVNAGK,45,,,,,,,,,,,,,,,
AVP1973,QLQKWEDWVRWIGNIPQYLKG,21,,,,,,,,,,,,,,,
AVP1974,QKWEDWVRWIGN,12,,,,,,,,,,,,,,,
AVP1975,WEDWVRWIGNIP,12,,,,,,,,,,,,,,,
AVP1976,QLQKWEDWVRWI,12,,,,,,,,,,,,,,,
AVP1977,WEDWVRWI,8,,,,,,,,,,,,,,,
AVP1978,DWVRWI,6,,,,,,,,,,,,,,,
AVP1979,WEDWVR,6,,,,,,,,,,,,,,,
AVP1980,WVRWI,5,,,,,,,,,,,,,,,
AVP1981,WVRW,4,,,,,,,,,,,,,,,
AVP1982,VRWI,4,,,,,,,,,,,,,,,
AVP1983,AEDWVRWI,8,,,,,,,,,,,,,,,
AVP1984,WADWVRWI,8,,,,,,,,,,,,,,,
AVP1985,WEAWVRWI,8,,,,,,,,,,,,,,,
AVP1986,WEDAVRWI,8,,,,,,,,,,,,,,,
AVP1987,WEDWARWI,8,,,,,,,,,,,,,,,
AVP1988,WEDWVAWI,8,,,,,,,,,,,,,,,
AVP1989,WEDWVRAI,8,,,,,,,,,,,,,,,
AVP1990,WEDWVRWA,8,,,,,,,,,,,,,,,
AVP1991,CRFPNITNSHVPILQERPPLENRVLTGWGL,30,,,,,,,,,,,,,,,
AVP1992,CCFLNITNSHVSILQERPPLENRVLTGWGL,30,,,,,,,,,,,,,,,
AVP1993,PPATHTIADRNHTPFSDV,18,,,,,,,,,,,,,,,
AVP1994,ATHTICDRNHTW,12,,,,,,,,,,,,,,,
AVP1995,SFYSVLFLWGTCGGFSHSWY,20,,,,,,,,,,,,,,,
AVP1996,GFSSIFRGVAKFASKGLGKDLARLGVNLVACKISKQC,37,,,,,,,,,,,,,,,
AVP1997,GLMDTVKNVAKNLAGHMLDKLKCKITGC,28,,,,,,,,,,,,,,,
AVP1998,GFSSIFRGVAKFASKGLGKDLARLGVNLVACKISKQC,37,,,,,,,,,,,,,,,
AVP1999,GLMDTVKNVAKNLAGHMLDKLKCKITGC,28,,,,,,,,,,,,,,,
AVP2000,KQRQNKPPSKPNNDFHFEVFNFVPCSICSNNPTCWAICKRIPNKKPGKK,49,,,,,,,,,,,,,,,
AVP2001,FHFEVFNFVPCSICSNNPTCWAICKRIPNKKPGKK,35,,,,,,,,,,,,,,,
AVP2002,VPCSICSNNPTCWAICKRIPNKKPGKK,27,,,,,,,,,,,,,,,
AVP2003,CSICSNNPTCWAICKRIPNKKPGKK,25,,,,,,,,,,,,,,,
AVP2004,KQRQNKPPSKPNNDFHFEVFNFVPCSICSNNPTCWAICKRI,41,,,,,,,,,,,,,,,
AVP2005,KPPSKPNNDFHFEVFNFVPCSICSNNPTCWAICKRI,36,,,,,,,,,,,,,,,
AVP2006,KPNNDFHFEVFNFVPCSICSNNPTCWAICKRI,32,,,,,,,,,,,,,,,
AVP2007,KQRQNKPPSKPNNDFHFEVFN,21,,,,,,,,,,,,,,,
AVP2008,KQRQNKPPSKPNNDFHF,17,,,,,,,,,,,,,,,
AVP2009,KPPSKPNNDFHFEVFNFVP,19,,,,,,,,,,,,,,,
AVP2010,KPPSKPNNDFHFEVFNFV,18,,,,,,,,,,,,,,,
AVP2011,KPPSKPNNDFHFEVFNF,17,,,,,,,,,,,,,,,
AVP2012,KPPSKPNNDFHFEVFN,16,,,,,,,,,,,,,,,
AVP2013,LLRVKR,6,,,,,,,,,,,,,,,
AVP2014,RRRR,4,,,,,,,,,,,,,,,
AVP2015,RRRRR,5,,,,,,,,,,,,,,,
AVP2016,RRRRRR,6,,,,,,,,,,,,,,,
AVP2017,RRRRRRR,7,,,,,,,,,,,,,,,
AVP2018,RRRRRRRR,8,,,,,,,,,,,,,,,
AVP2019,RRRRRRRRR,9,,,,,,,,,,,,,,,
AVP2020,NILRLKESITATIEAVHEVTDGLS,24,,,,,,,,,,,,,,,
AVP2021,SMEKLAGFGAVGAGATAEETRRMLHRAFDTLA,32,,,,,,,,,,,,,,,
AVP2022,LNLADATNFLQDSKAELEKARKILSEVGRWY,31,,,,,,,,,,,,,,,
AVP2023,ALDKLEESNSKLDKVNVKLT,20,,,,,,,,,,,,,,,
AVP2024,ALDKAEESNSKLDKVNVKLT,20,,,,,,,,,,,,,,,
AVP2025,ALDKAEESNSKADKVNVKLT,20,,,,,,,,,,,,,,,
AVP2026,ALDKAEESNSKADKVNVKAT,20,,,,,,,,,,,,,,,
AVP2027,CHWMFSPWC,9,,,,,,,,,,,,,,,
AVP2028,CATCEQIADSQHRSHRQMV,19,,,,,,,,,,,,,,,
AVP2029,ACYCRIPACIAGERRYGTCIYQGRLWAFCC,30,,,,,,,,,,,,,,,
AVP2030,YAGAVVNDL,9,,,,,,,,,,,,,,,
AVP2031,YAGAVVNDLL,10,,,,,,,,,,,,,,,
AVP2032,YGAVVNDL,8,,,,,,,,,,,,,,,
AVP2033,YAGAVVNDL,9,,,,,,,,,,,,,,,
AVP2034,YAGAVVNDLL,10,,,,,,,,,,,,,,,
AVP2035,LGNWAREIWATL,12,,,,,,,,,,,,,,,
AVP2036,CNIAPASIVSRNIVYTRAQPNQDIA,25,,,,,,,,,,,,,,,
AVP2037,ANVVATYPAHS,11,,,,,,,,,,,,,,,
AVP2038,YLTTLK,6,,,,,,,,,,,,,,,
AVP2039,FLQDSKAELEKARKILSEVG,20,,,,,,,,,,,,,,,
AVP2040,KAAKKAAKAAKKAAKWAKKAA,21,,,,,,,,,,,,,,,
AVP2041,AKKAAKKAKKAAKKAKKAAKK,21,,,,,,,,,,,,,,,
AVP2042,AKKAAKKAKKAAKKAKKWAKK,21,,,,,,,,,,,,,,,
AVP2043,AKKAWKKAKKAAKKAKKWAKK,21,,,,,,,,,,,,,,,
AVP2044,ARRAWRRARRAARRARRAARR,21,,,,,,,,,,,,,,,
AVP2045,ARRAKRRARRAARRARRKARR,21,,,,,,,,,,,,,,,
AVP2046,ARRAKRRARRAKRRARRKKRR,21,,,,,,,,,,,,,,,
AVP2047,IFKAIWSGIKSLF,13,,,,,,,,,,,,,,,
AVP2048,IFSAIGGFLKSIF,13,,,,,,,,,,,,,,,
AVP2049,LFGLIPSLIGGLVSAFK,17,,,,,,,,,,,,,,,
AVP2050,LFRLIKSLIKRLVSAFK,17,,,,,,,,,,,,,,,
AVP2051,SLIGGLVSAFK,11,,,,,,,,,,,,,,,
AVP2052,VSAFK,5,,,,,,,,,,,,,,,
AVP2053,LFGLIPSLIGGLVSAFK,17,,,,,,,,,,,,,,,
AVP2054,LFRLIKSLIKRLVSAFK,17,,,,,,,,,,,,,,,
AVP2055,SLIGGLVSAFK,11,,,,,,,,,,,,,,,
AVP2056,VSAFK,5,,,,,,,,,,,,,,,
AVP2057,LFGLIPSLIGGLVSAFK,17,,,,,,,,,,,,,,,
AVP2058,LFRLIKSLIKRLVSAFK,17,,,,,,,,,,,,,,,
AVP2059,SLIGGLVSAFK,11,,,,,,,,,,,,,,,
AVP2060,VSAFK,5,,,,,,,,,,,,,,,
AVP2061,KHMHWHPPALNT,12,,,,,,,,,,,,,,,
AVP2062,SLIGRL,6,,,,,,,,,,,,,,,
